code,nick,date,open,highest,lowest,close,ROI,changerange
0050,台灣50,20090521,46.16,46.34,45.60,45.95,-0.7559,-0.35
0050,台灣50,20090522,45.50,46.29,45.50,45.78,-0.3700,-0.17
0050,台灣50,20090525,46.30,46.72,45.50,45.73,-0.1092,-0.05
0050,台灣50,20090526,45.68,46.24,45.58,45.60,-0.2843,-0.13
0050,台灣50,20090527,46.10,48.14,46.10,48.00,5.2632,2.40
0050,台灣50,20090601,48.08,48.18,47.52,47.72,-0.5833,-0.28
0050,台灣50,20090602,48.15,48.65,47.57,47.85,0.2724,0.13
0050,台灣50,20090603,47.82,47.88,47.51,47.79,-0.1254,-0.06
0050,台灣50,20090604,47.70,47.75,46.33,46.70,-2.2808,-1.09
0050,台灣50,20090605,46.79,46.89,46.40,46.62,-0.1713,-0.08
0050,台灣50,20090606,46.65,46.90,46.59,46.90,0.6006,0.28
0050,台灣50,20090608,47.40,47.40,45.62,45.71,-2.5373,-1.19
0050,台灣50,20090609,45.76,45.76,44.28,44.45,-2.7565,-1.26
0050,台灣50,20090610,44.70,45.05,44.46,44.85,0.8999,0.40
0050,台灣50,20090611,44.85,45.30,44.00,45.25,0.8919,0.40
0050,台灣50,20090612,45.26,45.29,44.43,44.66,-1.3039,-0.59
0050,台灣50,20090615,44.30,44.30,42.84,43.04,-3.6274,-1.62
0050,台灣50,20090616,43.04,43.38,42.70,43.05,0.0232,0.01
0050,台灣50,20090617,43.05,43.49,42.90,42.97,-0.1858,-0.08
0050,台灣50,20090618,42.97,43.30,42.40,42.75,-0.5120,-0.22
0050,台灣50,20090619,42.75,43.25,42.65,43.25,1.1696,0.50
0050,台灣50,20090622,43.07,44.05,42.80,43.90,1.5029,0.65
0050,台灣50,20090623,42.85,43.10,42.80,42.85,-2.3918,-1.05
0050,台灣50,20090624,42.80,45.77,42.73,44.08,2.8705,1.23
0050,台灣50,20090625,44.35,44.79,44.10,44.58,1.1343,0.50
0050,台灣50,20090626,44.75,44.82,44.48,44.60,0.0449,0.02
0050,台灣50,20090629,44.80,44.90,44.09,44.28,-0.7175,-0.32
0050,台灣50,20090630,44.88,44.89,44.08,44.46,0.4065,0.18
0050,台灣50,20090701,44.48,45.65,44.45,45.45,2.2267,0.99
0050,台灣50,20090702,45.60,46.00,45.48,45.90,0.9901,0.45
0050,台灣50,20090703,45.45,46.10,45.40,45.80,-0.2179,-0.10
0050,台灣50,20090706,45.80,45.90,45.36,45.69,-0.2402,-0.11
0050,台灣50,20090707,45.40,46.37,45.40,46.19,1.0943,0.50
0050,台灣50,20090708,45.77,45.86,45.42,45.66,-1.1474,-0.53
0050,台灣50,20090709,45.88,46.75,45.80,46.50,1.8397,0.84
0050,台灣50,20090710,46.62,46.88,46.37,46.78,0.6022,0.28
0050,台灣50,20090713,46.75,47.10,45.00,45.30,-3.1637,-1.48
0050,台灣50,20090714,45.68,46.19,45.59,46.14,1.8543,0.84
0050,台灣50,20090715,46.37,47.21,46.37,47.05,1.9723,0.91
0050,台灣50,20090716,47.60,47.88,47.21,47.45,0.8502,0.40
0050,台灣50,20090717,47.60,48.07,47.34,47.87,0.8851,0.42
0050,台灣50,20090720,48.42,48.51,47.87,48.50,1.3161,0.63
0050,台灣50,20090721,48.50,48.67,48.05,48.40,-0.2062,-0.10
0050,台灣50,20090722,48.70,48.95,48.35,48.48,0.1653,0.08
0050,台灣50,20090723,48.48,48.80,48.00,48.51,0.0619,0.03
0050,台灣50,20090724,48.80,49.00,48.29,48.38,-0.2680,-0.13
0050,台灣50,20090727,48.50,49.20,48.41,48.83,0.9301,0.45
0050,台灣50,20090728,48.83,49.78,48.83,49.70,1.7817,0.87
0050,台灣50,20090729,49.70,49.94,49.04,49.35,-0.7042,-0.35
0050,台灣50,20090730,49.12,49.20,48.13,48.85,-1.0132,-0.50
0050,台灣50,20090731,49.11,49.58,48.95,49.02,0.3480,0.17
0050,台灣50,20090803,49.10,49.25,48.60,49.19,0.3468,0.17
0050,台灣50,20090804,49.58,49.65,48.13,48.65,-1.0978,-0.54
0050,台灣50,20090805,48.62,48.96,47.81,48.05,-1.2333,-0.60
0050,台灣50,20090806,48.05,48.35,47.66,48.14,0.1873,0.09
0050,台灣50,20090810,48.00,48.44,47.90,48.26,0.2493,0.12
0050,台灣50,20090811,48.30,48.50,47.74,48.42,0.3315,0.16
0050,台灣50,20090812,48.20,48.45,48.00,48.25,-0.3511,-0.17
0050,台灣50,20090813,48.50,49.42,48.40,49.36,2.3005,1.11
0050,台灣50,20090814,49.64,50.10,49.43,49.62,0.5267,0.26
0050,台灣50,20090817,49.15,49.49,48.60,48.66,-1.9347,-0.96
0050,台灣50,20090818,48.20,48.58,47.53,48.02,-1.3152,-0.64
0050,台灣50,20090819,48.23,48.36,47.86,47.86,-0.3332,-0.16
0050,台灣50,20090820,47.79,47.87,47.01,47.60,-0.5433,-0.26
0050,台灣50,20090821,47.92,48.18,47.03,47.18,-0.8824,-0.42
0050,台灣50,20090824,48.00,48.83,47.95,48.70,3.2217,1.52
0050,台灣50,20090825,48.66,48.68,48.25,48.33,-0.7598,-0.37
0050,台灣50,20090826,48.37,48.55,47.50,48.00,-0.6828,-0.33
0050,台灣50,20090827,47.64,48.08,47.60,47.75,-0.5208,-0.25
0050,台灣50,20090828,47.80,48.83,47.80,48.40,1.3613,0.65
0050,台灣50,20090831,48.69,48.84,48.07,48.45,0.1033,0.05
0050,台灣50,20090901,48.45,50.20,48.45,50.20,3.6120,1.75
0050,台灣50,20090902,49.70,50.40,49.70,50.20,0.0000,0.00
0050,台灣50,20090903,50.05,50.80,49.85,50.45,0.4980,0.25
0050,台灣50,20090904,50.60,51.15,50.50,51.05,1.1893,0.60
0050,台灣50,20090907,51.15,51.80,51.15,51.80,1.4691,0.75
0050,台灣50,20090908,51.85,52.70,51.35,52.50,1.3514,0.70
0050,台灣50,20090909,52.40,52.55,52.00,52.05,-0.8571,-0.45
0050,台灣50,20090910,54.90,55.00,52.35,52.85,1.5370,0.80
0050,台灣50,20090911,52.50,52.75,52.40,52.50,-0.6623,-0.35
0050,台灣50,20090914,52.30,52.55,51.30,51.85,-1.2381,-0.65
0050,台灣50,20090915,51.90,52.60,51.80,52.45,1.1572,0.60
0050,台灣50,20090916,52.80,53.30,52.70,53.20,1.4299,0.75
0050,台灣50,20090917,53.50,53.60,53.10,53.15,-0.0940,-0.05
0050,台灣50,20090918,52.95,53.40,52.95,53.30,0.2822,0.15
0050,台灣50,20090921,53.30,53.70,52.65,53.15,-0.2814,-0.15
0050,台灣50,20090922,53.15,53.25,52.80,52.95,-0.3763,-0.20
0050,台灣50,20090923,52.90,53.55,52.35,52.70,-0.4721,-0.25
0050,台灣50,20090924,52.60,52.70,51.60,52.00,-1.3283,-0.70
0050,台灣50,20090925,51.75,52.35,51.60,52.35,0.6731,0.35
0050,台灣50,20090928,52.10,52.20,51.45,51.80,-1.0506,-0.55
0050,台灣50,20090929,52.45,53.00,52.40,52.85,2.0270,1.05
0050,台灣50,20090930,52.95,53.85,52.95,53.30,0.8515,0.45
0050,台灣50,20091001,53.80,54.15,53.30,53.65,0.6567,0.35
0050,台灣50,20091002,52.80,53.10,52.60,52.70,-1.7707,-0.95
0050,台灣50,20091005,52.70,52.90,52.25,52.65,-0.0949,-0.05
0050,台灣50,20091006,52.65,53.65,52.65,53.60,1.8044,0.95
0050,台灣50,20091007,53.90,54.00,53.55,53.90,0.5597,0.30
0050,台灣50,20091008,53.90,54.00,53.00,53.05,-1.5770,-0.85
0050,台灣50,20091009,53.30,53.60,53.05,53.35,0.5655,0.30
0050,台灣50,20091012,53.50,53.80,53.00,53.60,0.4686,0.25
0050,台灣50,20091013,52.90,53.80,52.80,53.70,0.1866,0.10
0050,台灣50,20091014,53.85,54.45,53.80,54.35,1.2104,0.65
0050,台灣50,20091015,54.95,55.05,54.50,54.65,0.5520,0.30
0050,台灣50,20091016,54.65,54.80,54.45,54.65,0.0000,0.00
0050,台灣50,20091019,54.15,54.85,54.15,54.85,0.3660,0.20
0050,台灣50,20091020,54.95,55.15,54.80,54.90,0.0912,0.05
0050,台灣50,20091021,54.80,54.90,54.25,54.50,-0.7286,-0.40
0050,台灣50,20091022,54.20,54.40,53.50,53.70,-1.4679,-0.80
0050,台灣50,20091023,53.20,53.35,52.95,53.25,1.0242,-0.45
0050,台灣50,20091026,53.65,53.95,53.30,53.50,0.4695,0.25
0050,台灣50,20091027,53.15,53.40,52.75,53.40,-0.1869,-0.10
0050,台灣50,20091028,53.10,53.40,52.45,52.55,-1.5918,-0.85
0050,台灣50,20091029,51.80,51.85,50.60,51.55,-1.9029,-1.00
0050,台灣50,20091030,51.75,52.00,51.55,51.65,0.1940,0.10
0050,台灣50,20091102,50.80,51.40,50.60,51.35,-0.5808,-0.30
0050,台灣50,20091103,51.35,51.40,51.00,51.00,-0.6816,-0.35
0050,台灣50,20091104,51.30,52.00,51.30,51.95,1.8627,0.95
0050,台灣50,20091105,51.95,52.10,51.65,51.85,-0.1925,-0.10
0050,台灣50,20091106,52.45,52.50,52.00,52.25,0.7715,0.40
0050,台灣50,20091109,52.70,52.85,52.50,52.75,0.9569,0.50
0050,台灣50,20091110,53.00,53.20,53.00,53.15,0.7583,0.40
0050,台灣50,20091111,53.35,53.85,52.90,53.85,1.3170,0.70
0050,台灣50,20091112,53.85,54.05,53.65,53.80,-0.0929,-0.05
0050,台灣50,20091113,53.65,53.90,53.40,53.65,-0.2788,-0.15
0050,台灣50,20091116,53.75,54.55,53.65,54.55,1.6775,0.90
0050,台灣50,20091117,55.20,55.20,54.10,54.10,-0.8249,-0.45
0050,台灣50,20091118,54.20,54.35,54.00,54.15,0.0924,0.05
0050,台灣50,20091119,54.10,54.30,53.90,53.95,-0.3693,-0.20
0050,台灣50,20091120,53.55,53.75,53.00,53.45,-0.9268,-0.50
0050,台灣50,20091123,53.40,53.45,53.20,53.40,-0.0935,-0.05
0050,台灣50,20091124,53.50,53.65,53.45,53.65,0.4682,0.25
0050,台灣50,20091125,53.35,54.20,53.35,54.00,0.6524,0.35
0050,台灣50,20091126,54.10,54.40,53.70,53.85,-0.2778,-0.15
0050,台灣50,20091127,53.05,53.10,52.20,52.20,-3.0641,-1.65
0050,台灣50,20091130,52.55,52.85,52.55,52.70,0.9579,0.50
0050,台灣50,20091201,52.70,53.35,52.35,53.25,1.0436,0.55
0050,台灣50,20091202,53.65,53.75,53.35,53.40,0.2817,0.15
0050,台灣50,20091203,53.80,53.80,53.30,53.45,0.0936,0.05
0050,台灣50,20091204,53.30,53.55,53.10,53.10,-0.6548,-0.35
0050,台灣50,20091207,53.50,54.00,53.40,53.95,1.6008,0.85
0050,台灣50,20091208,54.10,54.10,53.60,53.70,-0.4634,-0.25
0050,台灣50,20091209,53.60,53.85,53.45,53.85,0.2793,0.15
0050,台灣50,20091210,53.85,53.95,52.70,53.00,-1.5785,-0.85
0050,台灣50,20091211,53.00,53.85,53.00,53.85,1.6038,0.85
0050,台灣50,20091214,53.20,54.00,53.20,53.90,0.0929,0.05
0050,台灣50,20091215,53.90,54.00,53.65,53.75,-0.2783,-0.15
0050,台灣50,20091216,53.50,53.60,53.00,53.20,-1.0233,-0.55
0050,台灣50,20091217,53.35,53.80,53.15,53.40,0.3759,0.20
0050,台灣50,20091218,53.00,53.30,53.00,53.25,-0.2809,-0.15
0050,台灣50,20091221,53.65,54.00,53.60,53.70,0.8451,0.45
0050,台灣50,20091222,54.00,54.25,53.85,54.15,0.8380,0.45
0050,台灣50,20091223,54.20,54.65,54.20,54.55,0.7387,0.40
0050,台灣50,20091224,54.55,55.20,54.55,55.10,1.0082,0.55
0050,台灣50,20091225,55.20,55.25,55.05,55.20,0.1815,0.10
0050,台灣50,20091228,55.50,55.70,55.30,55.60,0.7246,0.40
0050,台灣50,20091229,55.60,55.60,55.35,55.50,-0.1799,-0.10
0050,台灣50,20091230,55.50,55.75,55.35,55.70,0.3604,0.20
0050,台灣50,20091231,55.70,56.45,55.70,56.45,1.3465,0.75
0050,台灣50,20100104,56.45,56.65,56.05,56.50,0.0886,0.05
0050,台灣50,20100105,56.80,56.90,56.15,56.50,0.0000,0.00
0050,台灣50,20100106,56.50,57.75,56.50,57.55,1.8584,1.05
0050,台灣50,20100107,57.60,58.15,57.30,57.40,-0.2606,-0.15
0050,台灣50,20100108,57.30,57.75,57.05,57.75,0.6098,0.35
0050,台灣50,20100111,57.10,58.05,57.10,57.90,0.2597,0.15
0050,台灣50,20100112,57.55,57.85,57.25,57.60,-0.5181,-0.30
0050,台灣50,20100113,57.05,57.15,56.70,56.75,-1.4757,-0.85
0050,台灣50,20100114,56.80,57.60,56.80,57.45,1.2335,0.70
0050,台灣50,20100115,57.35,57.95,57.35,57.80,0.6092,0.35
0050,台灣50,20100118,57.45,57.70,57.30,57.50,-0.5190,-0.30
0050,台灣50,20100119,57.50,57.70,56.50,56.75,-1.3043,-0.75
0050,台灣50,20100120,56.80,56.95,56.10,56.40,-0.6167,-0.35
0050,台灣50,20100121,56.15,56.40,55.75,55.95,-0.7979,-0.45
0050,台灣50,20100122,55.20,55.20,54.35,54.40,-2.7703,-1.55
0050,台灣50,20100125,53.95,54.45,53.80,54.20,-0.3676,-0.20
0050,台灣50,20100126,54.15,54.55,52.75,52.95,-2.3063,-1.25
0050,台灣50,20100127,52.95,53.30,52.70,52.90,-0.0944,-0.05
0050,台灣50,20100128,53.10,54.20,53.10,54.05,2.1739,1.15
0050,台灣50,20100129,52.95,53.25,52.20,53.00,-1.9426,-1.05
0050,台灣50,20100201,53.15,53.20,51.95,52.40,-1.1321,-0.60
0050,台灣50,20100202,52.95,52.95,51.60,51.85,-1.0496,-0.55
0050,台灣50,20100203,52.10,52.80,52.05,52.75,1.7358,0.90
0050,台灣50,20100204,52.75,52.85,52.35,52.55,-0.3791,-0.20
0050,台灣50,20100205,51.25,51.30,50.50,50.75,-3.4253,-1.80
0050,台灣50,20100206,50.80,51.30,50.30,51.20,0.8867,0.45
0050,台灣50,20100208,51.05,51.20,50.70,50.85,-0.6836,-0.35
0050,台灣50,20100209,50.85,51.65,50.75,51.55,1.3766,0.70
0050,台灣50,20100210,51.95,52.25,51.70,52.10,1.0669,0.55
0050,台灣50,20100222,53.05,53.15,52.60,52.60,0.9597,0.50
0050,台灣50,20100223,52.60,52.75,52.20,52.60,0.0000,0.00
0050,台灣50,20100224,52.15,52.55,52.15,52.25,-0.6654,-0.35
0050,台灣50,20100225,52.25,52.30,51.35,51.65,-1.1483,-0.60
0050,台灣50,20100226,51.65,51.75,51.20,51.55,-0.1936,-0.10
0050,台灣50,20100301,51.50,52.95,51.50,52.80,2.4248,1.25
0050,台灣50,20100302,52.75,53.10,52.55,52.65,-0.2841,-0.15
0050,台灣50,20100303,52.70,53.10,52.50,52.65,0.0000,0.00
0050,台灣50,20100304,52.75,52.90,51.80,52.20,-0.8547,-0.45
0050,台灣50,20100305,52.85,53.20,52.50,52.95,1.4368,0.75
0050,台灣50,20100308,53.30,53.65,53.25,53.65,1.3220,0.70
0050,台灣50,20100309,53.70,53.80,53.55,53.80,0.2796,0.15
0050,台灣50,20100310,53.85,53.95,53.45,53.80,0.0000,0.00
0050,台灣50,20100311,54.00,54.00,53.50,53.65,-0.2788,-0.15
0050,台灣50,20100312,53.70,53.70,53.40,53.60,-0.0932,-0.05
0050,台灣50,20100315,53.50,53.55,52.70,52.85,-1.3993,-0.75
0050,台灣50,20100316,52.80,53.10,52.75,53.10,0.4730,0.25
0050,台灣50,20100317,53.45,54.15,53.40,54.15,1.9774,1.05
0050,台灣50,20100318,54.25,54.55,54.05,54.40,0.4617,0.25
0050,台灣50,20100319,54.45,54.45,54.00,54.25,-0.2757,-0.15
0050,台灣50,20100322,54.00,54.00,53.25,53.70,-1.0138,-0.55
0050,台灣50,20100323,53.70,53.80,53.25,53.35,-0.6518,-0.35
0050,台灣50,20100324,53.50,53.75,53.45,53.50,0.2812,0.15
0050,台灣50,20100325,53.35,53.70,52.90,53.50,0.0000,0.00
0050,台灣50,20100326,53.25,54.15,52.90,54.00,0.9346,0.50
0050,台灣50,20100329,54.15,54.55,54.15,54.50,0.9259,0.50
0050,台灣50,20100330,54.50,54.55,54.35,54.45,-0.0917,-0.05
0050,台灣50,20100331,54.35,54.45,54.20,54.25,-0.3673,-0.20
0050,台灣50,20100401,54.25,54.90,54.25,54.75,0.9217,0.50
0050,台灣50,20100402,54.75,54.90,54.65,54.75,0.0000,0.00
0050,台灣50,20100406,54.90,55.55,54.90,55.30,1.0046,0.55
0050,台灣50,20100407,55.35,55.50,55.30,55.40,0.1808,0.10
0050,台灣50,20100408,55.40,55.50,54.85,55.05,-0.6318,-0.35
0050,台灣50,20100409,55.00,55.20,54.80,55.20,0.2725,0.15
0050,台灣50,20100412,55.45,55.55,55.20,55.45,0.4529,0.25
0050,台灣50,20100413,55.20,55.20,54.60,54.80,-1.1722,-0.65
0050,台灣50,20100414,55.00,55.20,54.80,55.20,0.7299,0.40
0050,台灣50,20100415,55.35,55.80,55.35,55.55,0.6341,0.35
0050,台灣50,20100416,55.50,55.50,54.90,55.20,-0.6301,-0.35
0050,台灣50,20100419,54.65,54.65,53.65,53.65,-2.8080,-1.55
0050,台灣50,20100420,53.90,54.10,53.75,53.85,0.3728,0.20
0050,台灣50,20100421,54.15,54.60,54.15,54.55,1.2999,0.70
0050,台灣50,20100422,54.20,54.50,53.90,54.45,-0.1833,-0.10
0050,台灣50,20100423,54.45,54.75,54.45,54.75,0.5510,0.30
0050,台灣50,20100426,55.25,55.90,55.25,55.90,2.1005,1.15
0050,台灣50,20100427,55.90,55.95,55.60,55.85,-0.0894,-0.05
0050,台灣50,20100428,54.75,55.35,54.55,55.25,-1.0743,-0.60
0050,台灣50,20100429,55.25,55.30,54.85,55.00,-0.4525,-0.25
0050,台灣50,20100430,55.40,55.70,54.70,54.80,-0.3636,-0.20
0050,台灣50,20100503,54.50,54.85,54.25,54.45,-0.6387,-0.35
0050,台灣50,20100504,54.75,54.80,54.20,54.50,0.0918,0.05
0050,台灣50,20100505,53.40,53.45,52.85,53.00,-2.7523,-1.50
0050,台灣50,20100506,52.95,52.95,51.80,51.95,-1.9811,-1.05
0050,台灣50,20100507,51.30,52.00,51.05,51.95,0.0000,0.00
0050,台灣50,20100510,52.15,52.50,51.85,52.40,0.8662,0.45
0050,台灣50,20100511,52.60,52.80,52.05,52.20,-0.3817,-0.20
0050,台灣50,20100512,52.10,52.50,51.95,52.10,-0.1916,-0.10
0050,台灣50,20100513,52.65,53.40,52.60,53.25,2.2073,1.15
0050,台灣50,20100514,53.05,53.20,52.90,53.10,-0.2817,-0.15
0050,台灣50,20100517,52.60,52.60,51.70,51.90,-2.2599,-1.20
0050,台灣50,20100518,52.10,52.20,51.80,52.00,0.1927,0.10
0050,台灣50,20100519,51.50,51.55,50.95,51.45,-1.0577,-0.55
0050,台灣50,20100520,51.45,51.45,50.75,50.80,-1.2634,-0.65
0050,台灣50,20100521,50.00,50.00,49.30,49.75,-2.0669,-1.05
0050,台灣50,20100524,49.90,50.55,49.90,50.45,1.4070,0.70
0050,台灣50,20100525,50.00,50.00,48.65,49.12,-2.6363,-1.33
0050,台灣50,20100526,49.74,49.80,49.00,49.32,0.4072,0.20
0050,台灣50,20100527,49.32,49.66,48.75,49.66,0.6894,0.34
0050,台灣50,20100528,50.10,50.30,49.76,49.87,0.4229,0.21
0050,台灣50,20100531,50.00,50.15,49.72,50.10,0.4612,0.23
0050,台灣50,20100601,50.00,50.20,49.60,49.83,-0.5389,-0.27
0050,台灣50,20100602,49.52,49.83,48.80,49.05,-1.5653,-0.78
0050,台灣50,20100603,49.80,50.20,49.75,50.20,2.3445,1.15
0050,台灣50,20100604,50.20,50.20,49.94,50.05,-0.2988,-0.15
0050,台灣50,20100607,48.85,48.85,48.30,48.74,-2.6174,-1.31
0050,台灣50,20100608,48.70,48.70,48.31,48.56,-0.3693,-0.18
0050,台灣50,20100609,48.50,48.65,47.95,48.18,-0.7825,-0.38
0050,台灣50,20100610,48.18,48.89,48.18,48.85,1.3906,0.67
0050,台灣50,20100611,49.69,49.76,49.46,49.62,1.5763,0.77
0050,台灣50,20100614,50.20,50.40,50.05,50.35,1.4712,0.73
0050,台灣50,20100615,50.35,51.10,50.15,50.70,0.6951,0.35
0050,台灣50,20100617,51.10,51.25,50.85,51.05,0.6903,0.35
0050,台灣50,20100618,51.05,51.15,50.65,50.90,-0.2938,-0.15
0050,台灣50,20100621,51.50,52.00,51.35,52.00,2.1611,1.10
0050,台灣50,20100622,51.90,51.90,51.65,51.70,-0.5769,-0.30
0050,台灣50,20100623,51.35,51.50,51.05,51.15,-1.0638,-0.55
0050,台灣50,20100624,51.15,51.40,51.10,51.30,0.2933,0.15
0050,台灣50,20100625,50.75,51.00,50.50,50.60,-1.3645,-0.70
0050,台灣50,20100628,50.70,50.95,50.60,50.80,0.3953,0.20
0050,台灣50,20100629,51.00,51.45,50.40,50.50,-0.5906,-0.30
0050,台灣50,20100630,49.55,49.69,49.28,49.55,-1.8812,-0.95
0050,台灣50,20100701,49.55,49.55,49.01,49.19,-0.7265,-0.36
0050,台灣50,20100702,49.10,49.79,49.08,49.49,0.6099,0.30
0050,台灣50,20100705,49.73,50.50,49.60,50.50,2.0408,1.01
0050,台灣50,20100706,50.00,51.40,50.00,51.40,1.7822,0.90
0050,台灣50,20100707,51.35,51.40,51.10,51.30,-0.1946,-0.10
0050,台灣50,20100708,51.90,52.05,51.65,52.05,1.4620,0.75
0050,台灣50,20100709,51.90,52.40,51.90,52.35,0.5764,0.30
0050,台灣50,20100712,52.40,52.95,52.30,52.30,-0.0955,-0.05
0050,台灣50,20100713,52.40,52.60,52.00,52.15,-0.2868,-0.15
0050,台灣50,20100714,52.90,53.15,52.80,53.15,1.9175,1.00
0050,台灣50,20100715,52.95,53.25,52.80,53.25,0.1881,0.10
0050,台灣50,20100716,53.15,53.15,52.70,52.90,-0.6573,-0.35
0050,台灣50,20100719,52.25,52.85,52.20,52.75,-0.2836,-0.15
0050,台灣50,20100720,52.75,53.35,52.55,53.20,0.8531,0.45
0050,台灣50,20100721,53.20,53.35,52.85,52.90,-0.5639,-0.30
0050,台灣50,20100722,52.90,53.05,52.60,52.95,0.0945,0.05
0050,台灣50,20100723,53.10,53.70,53.10,53.70,1.4164,0.75
0050,台灣50,20100726,53.70,53.95,53.65,53.85,0.2793,0.15
0050,台灣50,20100727,53.90,53.90,53.55,53.60,-0.4643,-0.25
0050,台灣50,20100728,53.60,54.10,53.50,54.05,0.8396,0.45
0050,台灣50,20100729,53.95,54.15,53.80,54.10,0.0925,0.05
0050,台灣50,20100730,53.90,54.05,53.50,53.90,-0.3697,-0.20
0050,台灣50,20100802,54.35,55.20,54.35,54.95,1.9481,1.05
0050,台灣50,20100803,55.05,55.30,54.95,55.20,0.4550,0.25
0050,台灣50,20100804,55.00,55.30,54.95,55.10,-0.1812,-0.10
0050,台灣50,20100805,55.25,55.45,54.85,55.05,-0.0907,-0.05
0050,台灣50,20100806,54.90,55.25,54.90,55.20,0.2725,0.15
0050,台灣50,20100809,55.10,55.65,55.10,55.50,0.5435,0.30
0050,台灣50,20100810,55.50,55.70,55.20,55.40,-0.1802,-0.10
0050,台灣50,20100811,55.00,55.20,54.55,54.70,-1.2635,-0.70
0050,台灣50,20100812,54.10,54.45,54.00,54.25,-0.8227,-0.45
0050,台灣50,20100813,54.30,55.00,54.30,54.85,1.1060,0.60
0050,台灣50,20100816,54.45,55.05,54.30,55.00,0.2735,0.15
0050,台灣50,20100817,54.85,55.00,54.75,54.95,-0.0909,-0.05
0050,台灣50,20100818,55.00,55.05,54.40,54.65,-0.5460,-0.30
0050,台灣50,20100819,54.65,55.00,54.50,54.95,0.5489,0.30
0050,台灣50,20100820,54.85,54.95,54.65,54.95,0.0000,0.00
0050,台灣50,20100823,54.85,55.60,54.70,55.30,0.6369,0.35
0050,台灣50,20100824,55.00,55.25,54.90,54.95,-0.6329,-0.35
0050,台灣50,20100825,54.30,54.50,53.85,53.95,-1.8198,-1.00
0050,台灣50,20100826,53.90,53.95,53.60,53.60,-0.6487,-0.35
0050,台灣50,20100827,53.60,53.90,53.45,53.85,0.4664,0.25
0050,台灣50,20100830,54.30,54.60,53.95,54.10,0.4643,0.25
0050,台灣50,20100831,53.70,53.70,53.15,53.30,-1.4787,-0.80
0050,台灣50,20100901,53.50,53.70,53.35,53.70,0.7505,0.40
0050,台灣50,20100902,54.10,54.35,53.80,54.00,0.5587,0.30
0050,台灣50,20100903,54.20,54.60,54.10,54.55,1.0185,0.55
0050,台灣50,20100906,54.95,55.00,54.65,54.95,0.7333,0.40
0050,台灣50,20100907,54.95,55.05,54.80,54.85,-0.1820,-0.10
0050,台灣50,20100908,54.75,54.90,54.45,54.75,-0.1823,-0.10
0050,台灣50,20100909,54.95,55.00,54.65,54.75,0.0000,0.00
0050,台灣50,20100910,55.15,55.30,55.00,55.25,0.9132,0.50
0050,台灣50,20100913,55.55,56.80,55.55,56.80,2.8054,1.55
0050,台灣50,20100914,56.80,57.00,56.75,57.00,0.3521,0.20
0050,台灣50,20100915,57.00,57.25,56.90,57.25,0.4386,0.25
0050,台灣50,20100916,57.20,57.30,56.65,56.65,-1.0480,-0.60
0050,台灣50,20100917,56.85,57.50,56.85,57.30,1.1474,0.65
0050,台灣50,20100920,57.20,57.45,57.10,57.25,-0.0873,-0.05
0050,台灣50,20100921,57.60,57.80,57.15,57.35,0.1747,0.10
0050,台灣50,20100923,57.35,57.65,57.10,57.35,0.0000,0.00
0050,台灣50,20100924,57.10,57.30,56.85,57.00,-0.6103,-0.35
0050,台灣50,20100927,57.50,57.60,57.30,57.50,0.8772,0.50
0050,台灣50,20100928,57.15,57.55,57.15,57.40,-0.1739,-0.10
0050,台灣50,20100929,57.60,58.15,57.50,57.80,0.6969,0.40
0050,台灣50,20100930,57.70,57.80,57.50,57.70,-0.1730,-0.10
0050,台灣50,20101001,57.90,57.90,57.50,57.75,0.0867,0.05
0050,台灣50,20101004,57.85,58.10,57.75,57.75,0.0000,0.00
0050,台灣50,20101005,57.50,57.55,57.05,57.40,-0.6061,-0.35
0050,台灣50,20101006,57.90,58.05,57.70,57.75,0.6098,0.35
0050,台灣50,20101007,57.85,57.95,57.70,57.95,0.3463,0.20
0050,台灣50,20101008,57.85,57.95,57.45,57.60,-0.6040,-0.35
0050,台灣50,20101011,57.60,57.60,56.90,56.95,-1.1285,-0.65
0050,台灣50,20101012,57.00,57.00,56.05,56.20,-1.3169,-0.75
0050,台灣50,20101013,56.35,56.55,56.15,56.55,0.6228,0.35
0050,台灣50,20101014,56.90,57.70,56.90,57.45,1.5915,0.90
0050,台灣50,20101015,57.50,57.60,57.30,57.35,-0.1741,-0.10
0050,台灣50,20101018,57.30,57.30,56.15,56.20,-2.0052,-1.15
0050,台灣50,20101019,56.20,56.20,55.85,56.05,-0.2669,-0.15
0050,台灣50,20101020,55.80,56.70,55.70,56.70,1.1597,0.65
0050,台灣50,20101021,56.80,56.95,56.55,56.75,0.0882,0.05
0050,台灣50,20101022,56.75,57.10,56.75,57.10,0.6167,0.35
0050,台灣50,20101025,55.50,56.15,55.10,56.10,2.1016,-1.00
0050,台灣50,20101026,56.30,56.35,56.00,56.35,0.4456,0.25
0050,台灣50,20101027,56.50,56.65,55.85,56.05,-0.5324,-0.30
0050,台灣50,20101028,56.05,56.50,55.90,56.50,0.8029,0.45
0050,台灣50,20101029,56.20,56.35,55.90,56.00,-0.8850,-0.50
0050,台灣50,20101101,56.20,57.05,56.20,56.80,1.4286,0.80
0050,台灣50,20101102,56.80,56.90,56.65,56.80,0.0000,0.00
0050,台灣50,20101103,56.95,57.10,56.50,56.70,-0.1761,-0.10
0050,台灣50,20101104,56.80,57.20,56.80,57.05,0.6173,0.35
0050,台灣50,20101105,57.55,57.75,57.50,57.65,1.0517,0.60
0050,台灣50,20101108,57.80,57.85,57.45,57.55,-0.1735,-0.10
0050,台灣50,20101109,57.55,57.70,57.45,57.70,0.2606,0.15
0050,台灣50,20101110,57.80,57.85,57.60,57.65,-0.0867,-0.05
0050,台灣50,20101111,57.80,57.80,57.45,57.50,-0.2602,-0.15
0050,台灣50,20101112,57.25,57.25,56.35,56.35,-2.0000,-1.15
0050,台灣50,20101115,56.30,56.30,56.05,56.15,-0.3549,-0.20
0050,台灣50,20101116,56.10,56.85,56.10,56.75,1.0686,0.60
0050,台灣50,20101117,56.35,56.65,56.15,56.50,-0.4405,-0.25
0050,台灣50,20101118,56.40,56.60,56.30,56.60,0.1770,0.10
0050,台灣50,20101119,56.90,57.15,56.30,56.65,0.0883,0.05
0050,台灣50,20101122,56.80,57.50,56.80,57.35,1.2357,0.70
0050,台灣50,20101123,57.35,57.35,56.80,56.90,-0.7847,-0.45
0050,台灣50,20101124,56.70,57.05,56.65,56.85,-0.0879,-0.05
0050,台灣50,20101125,56.85,57.15,56.85,57.10,0.4398,0.25
0050,台灣50,20101126,57.15,57.15,56.80,56.80,-0.5254,-0.30
0050,台灣50,20101129,57.10,57.35,56.85,56.90,0.1761,0.10
0050,台灣50,20101130,57.05,57.50,56.95,57.10,0.3515,0.20
0050,台灣50,20101201,57.10,58.00,57.10,58.00,1.5762,0.90
0050,台灣50,20101202,58.50,58.70,58.35,58.45,0.7759,0.45
0050,台灣50,20101203,58.60,59.00,58.60,59.00,0.9410,0.55
0050,台灣50,20101206,59.00,59.35,59.00,59.15,0.2542,0.15
0050,台灣50,20101207,59.20,59.20,58.85,59.10,-0.0845,-0.05
0050,台灣50,20101208,59.10,59.35,58.95,59.10,0.0000,0.00
0050,台灣50,20101209,59.50,59.80,59.45,59.70,1.0152,0.60
0050,台灣50,20101210,59.60,59.60,59.15,59.30,-0.6700,-0.40
0050,台灣50,20101213,59.20,59.50,59.20,59.45,0.2530,0.15
0050,台灣50,20101214,59.25,59.60,59.10,59.30,-0.2523,-0.15
0050,台灣50,20101215,59.30,59.65,59.15,59.60,0.5059,0.30
0050,台灣50,20101216,59.65,59.85,59.60,59.70,0.1678,0.10
0050,台灣50,20101217,59.80,60.45,59.80,60.20,0.8375,0.50
0050,台灣50,20101220,60.40,60.40,59.50,59.90,-0.4983,-0.30
0050,台灣50,20101221,59.90,60.15,59.65,60.05,0.2504,0.15
0050,台灣50,20101222,60.40,60.40,60.00,60.05,0.0000,0.00
0050,台灣50,20101223,60.05,60.55,60.05,60.45,0.6661,0.40
0050,台灣50,20101224,60.45,60.45,60.15,60.20,-0.4136,-0.25
0050,台灣50,20101227,60.20,60.55,60.00,60.45,0.4153,0.25
0050,台灣50,20101228,60.45,60.50,60.10,60.35,-0.1654,-0.10
0050,台灣50,20101229,60.35,60.50,60.20,60.50,0.2486,0.15
0050,台灣50,20101230,60.70,60.80,60.40,60.80,0.4959,0.30
0050,台灣50,20101231,60.80,61.40,60.75,61.40,0.9868,0.60
0050,台灣50,20110103,61.60,61.65,61.45,61.45,0.0814,0.05
0050,台灣50,20110104,61.55,61.60,61.30,61.30,-0.2441,-0.15
0050,台灣50,20110105,61.10,61.35,59.90,60.30,-1.6313,-1.00
0050,台灣50,20110106,60.25,60.30,59.95,60.20,-0.1658,-0.10
0050,台灣50,20110107,60.25,60.35,59.40,59.65,-0.9136,-0.55
0050,台灣50,20110110,59.75,59.90,59.55,59.85,0.3353,0.20
0050,台灣50,20110111,59.70,61.00,59.70,60.85,1.6708,1.00
0050,台灣50,20110112,61.00,61.25,60.90,61.10,0.4108,0.25
0050,台灣50,20110113,61.25,61.40,60.80,61.05,-0.0818,-0.05
0050,台灣50,20110114,60.95,61.10,60.80,61.00,-0.0819,-0.05
0050,台灣50,20110117,61.15,61.25,60.70,60.85,-0.2459,-0.15
0050,台灣50,20110118,60.55,61.55,60.50,61.35,0.8217,0.50
0050,台灣50,20110119,61.35,62.15,61.35,62.05,1.1410,0.70
0050,台灣50,20110120,62.00,62.00,61.60,61.65,-0.6446,-0.40
0050,台灣50,20110121,61.10,61.45,60.55,61.00,-1.0543,-0.65
0050,台灣50,20110124,61.00,61.20,60.90,60.95,-0.0820,-0.05
0050,台灣50,20110125,61.45,61.70,61.40,61.45,0.8203,0.50
0050,台灣50,20110126,61.45,62.10,61.45,62.00,0.8950,0.55
0050,台灣50,20110127,62.05,62.70,62.05,62.45,0.7258,0.45
0050,台灣50,20110128,62.50,63.00,62.45,63.00,0.8807,0.55
0050,台灣50,20110208,63.05,63.20,62.40,62.60,-0.6349,-0.40
0050,台灣50,20110209,62.50,62.60,61.70,62.00,-0.9585,-0.60
0050,台灣50,20110210,61.60,61.60,60.75,60.85,-1.8548,-1.15
0050,台灣50,20110211,60.40,60.40,58.50,58.90,-3.2046,-1.95
0050,台灣50,20110214,59.05,59.65,59.05,59.40,0.8489,0.50
0050,台灣50,20110215,59.40,59.90,58.65,59.75,0.5892,0.35
0050,台灣50,20110216,59.80,60.10,59.60,59.85,0.1674,0.10
0050,台灣50,20110217,59.75,59.80,59.40,59.65,-0.3342,-0.20
0050,台灣50,20110218,60.00,60.85,59.95,60.65,1.6764,1.00
0050,台灣50,20110221,60.40,60.80,60.15,60.65,0.0000,0.00
0050,台灣50,20110222,60.30,60.30,59.30,59.85,-1.3190,-0.80
0050,台灣50,20110223,59.45,59.70,58.80,59.00,-1.4202,-0.85
0050,台灣50,20110224,59.00,59.55,59.00,59.00,0.0000,0.00
0050,台灣50,20110225,59.30,59.65,58.45,59.50,0.8475,0.50
0050,台灣50,20110301,59.70,60.05,59.50,59.95,0.7563,0.45
0050,台灣50,20110302,59.45,59.90,59.40,59.45,-0.8340,-0.50
0050,台灣50,20110303,59.55,60.30,59.50,60.20,1.2616,0.75
0050,台灣50,20110304,60.50,60.70,60.40,60.65,0.7475,0.45
0050,台灣50,20110307,60.50,60.50,60.00,60.20,-0.7420,-0.45
0050,台灣50,20110308,60.05,60.40,60.05,60.25,0.0831,0.05
0050,台灣50,20110309,60.55,60.65,60.00,60.20,-0.0830,-0.05
0050,台灣50,20110310,60.15,60.25,59.30,59.50,-1.1628,-0.70
0050,台灣50,20110311,59.05,59.05,58.40,58.85,-1.0924,-0.65
0050,台灣50,20110314,58.60,58.90,57.65,58.80,-0.0850,-0.05
0050,台灣50,20110315,58.70,58.70,55.60,57.50,-2.2109,-1.30
0050,台灣50,20110316,58.00,58.05,57.25,57.30,-0.3478,-0.20
0050,台灣50,20110317,56.80,57.30,56.50,57.30,0.0000,0.00
0050,台灣50,20110318,57.70,57.80,57.35,57.75,0.7853,0.45
0050,台灣50,20110321,57.90,58.50,57.80,58.10,0.6061,0.35
0050,台灣50,20110322,58.50,58.70,58.35,58.40,0.5164,0.30
0050,台灣50,20110323,58.40,58.65,58.15,58.50,0.1712,0.10
0050,台灣50,20110324,58.85,59.00,58.55,58.75,0.4274,0.25
0050,台灣50,20110325,59.05,59.65,59.05,59.35,1.0213,0.60
0050,台灣50,20110328,59.25,59.30,58.85,59.15,-0.3370,-0.20
0050,台灣50,20110329,58.90,59.30,58.75,59.25,0.1691,0.10
0050,台灣50,20110330,59.40,59.80,59.25,59.60,0.5907,0.35
0050,台灣50,20110331,59.50,59.70,59.10,59.55,-0.0839,-0.05
0050,台灣50,20110401,59.60,59.85,59.60,59.85,0.5038,0.30
0050,台灣50,20110406,60.00,61.40,60.00,61.15,2.1721,1.30
0050,台灣50,20110407,61.35,61.40,60.95,61.30,0.2453,0.15
0050,台灣50,20110408,61.25,61.50,61.00,61.10,-0.3263,-0.20
0050,台灣50,20110411,61.10,61.20,60.75,61.10,0.0000,0.00
0050,台灣50,20110412,60.80,60.80,59.85,60.05,-1.7185,-1.05
0050,台灣50,20110413,59.90,60.40,59.75,60.40,0.5828,0.35
0050,台灣50,20110414,60.45,60.70,60.05,60.35,-0.0828,-0.05
0050,台灣50,20110415,60.40,60.45,59.60,59.65,-1.1599,-0.70
0050,台灣50,20110418,59.75,59.95,59.45,59.55,-0.1676,-0.10
0050,台灣50,20110419,59.35,59.35,58.80,59.20,-0.5877,-0.35
0050,台灣50,20110420,59.50,60.35,59.50,60.30,1.8581,1.10
0050,台灣50,20110421,60.95,61.80,60.95,61.70,2.3217,1.40
0050,台灣50,20110422,61.80,61.80,61.45,61.60,-0.1621,-0.10
0050,台灣50,20110425,61.90,62.00,61.25,61.45,-0.2435,-0.15
0050,台灣50,20110426,60.90,61.35,60.70,61.20,-0.4068,-0.25
0050,台灣50,20110427,61.75,62.25,61.75,62.15,1.5523,0.95
0050,台灣50,20110428,62.25,62.50,62.00,62.15,0.0000,0.00
0050,台灣50,20110429,62.00,62.40,61.65,62.00,-0.2414,-0.15
0050,台灣50,20110503,62.20,62.30,61.50,62.15,0.2419,0.15
0050,台灣50,20110504,61.60,61.80,61.10,61.80,-0.5632,-0.35
0050,台灣50,20110505,61.40,62.35,61.30,62.25,0.7282,0.45
0050,台灣50,20110506,61.90,62.05,61.65,61.95,-0.4819,-0.30
0050,台灣50,20110509,62.10,62.60,61.90,62.30,0.5650,0.35
0050,台灣50,20110510,62.30,62.30,62.05,62.30,0.0000,0.00
0050,台灣50,20110511,62.50,62.50,61.95,62.05,-0.4013,-0.25
0050,台灣50,20110512,61.70,62.40,61.55,62.25,0.3223,0.20
0050,台灣50,20110513,62.25,62.25,61.90,62.05,-0.3213,-0.20
0050,台灣50,20110516,61.95,61.95,61.25,61.30,-1.2087,-0.75
0050,台灣50,20110517,61.20,61.45,60.95,61.25,-0.0816,-0.05
0050,台灣50,20110518,61.20,61.60,61.15,61.60,0.5714,0.35
0050,台灣50,20110519,61.60,62.10,61.05,61.05,-0.8929,-0.55
0050,台灣50,20110520,61.25,61.50,60.90,61.10,0.0819,0.05
0050,台灣50,20110523,60.80,60.80,60.00,60.35,-1.2275,-0.75
0050,台灣50,20110524,60.30,60.45,60.05,60.45,0.1657,0.10
0050,台灣50,20110525,60.10,60.40,59.80,60.25,-0.3309,-0.20
0050,台灣50,20110526,60.35,60.85,60.20,60.85,0.9959,0.60
0050,台灣50,20110527,60.65,61.00,60.50,60.60,-0.4108,-0.25
0050,台灣50,20110530,60.40,60.75,60.00,60.50,-0.1650,-0.10
0050,台灣50,20110531,60.80,62.00,60.80,62.00,2.4793,1.50
0050,台灣50,20110601,62.00,62.45,61.85,62.35,0.5645,0.35
0050,台灣50,20110602,62.00,62.15,61.80,61.90,-0.7217,-0.45
0050,台灣50,20110603,62.00,62.25,61.75,62.20,0.4847,0.30
0050,台灣50,20110607,61.90,62.25,61.55,62.20,0.0000,0.00
0050,台灣50,20110608,62.05,62.25,61.85,62.00,-0.3215,-0.20
0050,台灣50,20110609,61.80,62.10,61.80,62.00,0.0000,0.00
0050,台灣50,20110610,62.15,62.20,60.50,60.55,-2.3387,-1.45
0050,台灣50,20110613,60.25,60.25,59.60,59.75,-1.3212,-0.80
0050,台灣50,20110614,60.00,60.75,59.80,60.75,1.6736,1.00
0050,台灣50,20110615,60.70,60.70,59.80,60.50,-0.4115,-0.25
0050,台灣50,20110616,59.90,59.90,59.30,59.40,-1.8182,-1.10
0050,台灣50,20110617,59.60,59.70,59.00,59.20,-0.3367,-0.20
0050,台灣50,20110620,59.40,59.50,58.55,58.60,-1.0135,-0.60
0050,台灣50,20110621,59.00,59.20,58.65,59.05,0.7679,0.45
0050,台灣50,20110622,59.50,59.50,58.80,59.20,0.2540,0.15
0050,台灣50,20110623,58.95,59.10,58.60,58.65,-0.9291,-0.55
0050,台灣50,20110624,58.70,58.70,58.00,58.20,-0.7673,-0.45
0050,台灣50,20110627,57.50,57.85,57.20,57.80,-0.6873,-0.40
0050,台灣50,20110628,58.05,58.15,57.50,57.65,-0.2595,-0.15
0050,台灣50,20110629,58.00,58.75,57.90,58.65,1.7346,1.00
0050,台灣50,20110630,58.80,59.00,58.55,58.85,0.3410,0.20
0050,台灣50,20110701,59.20,59.80,59.20,59.70,1.4444,0.85
0050,台灣50,20110704,59.90,60.20,59.90,60.05,0.5863,0.35
0050,台灣50,20110705,60.00,60.10,59.75,59.95,-0.1665,-0.10
0050,台灣50,20110706,60.00,60.70,60.00,60.60,1.0842,0.65
0050,台灣50,20110707,60.70,60.70,60.15,60.35,-0.4125,-0.25
0050,台灣50,20110708,60.50,60.70,59.90,60.05,-0.4971,-0.30
0050,台灣50,20110711,59.85,59.95,59.40,59.65,-0.6661,-0.40
0050,台灣50,20110712,59.10,59.10,58.45,58.70,-1.5926,-0.95
0050,台灣50,20110713,58.65,59.00,58.45,58.70,0.0000,0.00
0050,台灣50,20110714,59.00,59.05,58.45,58.90,0.3407,0.20
0050,台灣50,20110715,59.00,59.25,58.70,59.20,0.5093,0.30
0050,台灣50,20110718,59.15,59.20,58.40,59.00,-0.3378,-0.20
0050,台灣50,20110719,58.85,59.05,58.65,58.90,-0.1695,-0.10
0050,台灣50,20110720,59.50,60.50,59.50,60.45,2.6316,1.55
0050,台灣50,20110721,60.45,60.60,60.35,60.60,0.2481,0.15
0050,台灣50,20110722,60.85,61.15,60.80,61.00,0.6601,0.40
0050,台灣50,20110725,60.50,60.85,60.20,60.40,-0.9836,-0.60
0050,台灣50,20110726,60.50,61.30,60.50,61.20,1.3245,0.80
0050,台灣50,20110727,61.20,61.45,61.05,61.35,0.2451,0.15
0050,台灣50,20110728,60.80,61.00,60.50,60.85,-0.8150,-0.50
0050,台灣50,20110729,60.75,60.90,59.90,59.90,-1.5612,-0.95
0050,台灣50,20110801,60.50,60.50,60.15,60.35,0.7513,0.45
0050,台灣50,20110802,59.90,59.90,59.40,59.55,-1.3256,-0.80
0050,台灣50,20110803,58.85,58.85,58.20,58.60,-1.5953,-0.95
0050,台灣50,20110804,58.60,58.85,57.80,57.85,-1.2799,-0.75
0050,台灣50,20110805,55.70,55.70,54.45,54.45,-5.8773,-3.40
0050,台灣50,20110808,54.30,54.65,51.40,53.50,-1.7447,-0.95
0050,台灣50,20110809,51.00,53.50,50.40,53.00,-0.9346,-0.50
0050,台灣50,20110810,53.95,54.25,53.40,54.10,2.0755,1.10
0050,台灣50,20110811,53.20,54.50,52.70,54.10,0.0000,0.00
0050,台灣50,20110812,54.70,54.85,53.40,53.55,-1.0166,-0.55
0050,台灣50,20110815,54.20,54.60,54.10,54.60,1.9608,1.05
0050,台灣50,20110816,54.80,55.00,54.10,54.35,-0.4579,-0.25
0050,台灣50,20110817,54.35,54.50,53.80,53.95,-0.7360,-0.40
0050,台灣50,20110818,53.40,53.45,52.65,52.95,-1.8536,-1.00
0050,台灣50,20110819,51.80,51.90,51.10,51.10,-3.4939,-1.85
0050,台灣50,20110822,51.30,52.45,51.05,51.50,0.7828,0.40
0050,台灣50,20110823,52.10,53.35,51.75,53.30,3.4951,1.80
0050,台灣50,20110824,53.40,53.40,52.10,52.60,-1.3133,-0.70
0050,台灣50,20110825,53.20,53.30,52.35,52.35,-0.4753,-0.25
0050,台灣50,20110826,52.80,53.25,52.60,53.05,1.3372,0.70
0050,台灣50,20110829,53.10,54.10,53.10,53.80,1.4138,0.75
0050,台灣50,20110830,54.00,54.40,53.85,54.20,0.7435,0.40
0050,台灣50,20110831,54.10,54.60,53.90,54.55,0.6458,0.35
0050,台灣50,20110901,55.05,56.10,55.05,55.15,1.0999,0.60
0050,台灣50,20110902,55.15,55.30,54.65,55.15,0.0000,0.00
0050,台灣50,20110905,53.95,53.95,53.40,53.60,-2.8105,-1.55
0050,台灣50,20110906,53.30,53.35,52.30,52.55,-1.9590,-1.05
0050,台灣50,20110907,53.35,53.60,52.90,53.55,1.9029,1.00
0050,台灣50,20110908,54.00,54.15,53.45,53.70,0.2801,0.15
0050,台灣50,20110909,53.55,54.75,53.55,54.15,0.8380,0.45
0050,台灣50,20110913,53.60,53.75,52.55,52.65,-2.7701,-1.50
0050,台灣50,20110914,53.15,53.20,51.30,51.60,-1.9943,-1.05
0050,台灣50,20110915,52.70,53.05,52.30,52.85,2.4225,1.25
0050,台灣50,20110916,53.50,54.15,53.50,54.10,2.3652,1.25
0050,台灣50,20110919,53.85,53.85,53.05,53.20,-1.6636,-0.90
0050,台灣50,20110920,53.35,53.70,52.50,53.40,0.3759,0.20
0050,台灣50,20110921,53.40,53.95,53.00,53.60,0.3745,0.20
0050,台灣50,20110922,52.60,52.60,51.85,52.10,-2.7985,-1.50
0050,台灣50,20110923,50.50,50.85,49.93,50.35,-3.3589,-1.75
0050,台灣50,20110926,50.25,50.30,49.30,49.32,-2.0457,-1.03
0050,台灣50,20110927,50.50,51.15,50.50,51.10,3.6091,1.78
0050,台灣50,20110928,51.20,51.30,50.90,51.15,0.0978,0.05
0050,台灣50,20110929,50.65,51.75,50.60,51.60,0.8798,0.45
0050,台灣50,20110930,51.45,51.90,51.25,51.65,0.0969,0.05
0050,台灣50,20111003,50.75,51.00,50.15,50.30,-2.6137,-1.35
0050,台灣50,20111004,49.90,50.75,49.50,50.75,0.8946,0.45
0050,台灣50,20111005,50.90,50.95,50.20,50.25,-0.9852,-0.50
0050,台灣50,20111006,51.15,51.55,51.00,51.25,1.9900,1.00
0050,台灣50,20111007,51.80,52.15,51.50,51.55,0.5854,0.30
0050,台灣50,20111011,52.75,53.00,52.70,53.00,2.8128,1.45
0050,台灣50,20111012,52.85,53.10,52.50,52.85,-0.2830,-0.15
0050,台灣50,20111013,53.20,53.20,52.65,52.80,-0.0946,-0.05
0050,台灣50,20111014,52.60,52.90,52.45,52.45,-0.6629,-0.35
0050,台灣50,20111017,53.10,53.45,52.80,53.10,1.2393,0.65
0050,台灣50,20111018,52.50,52.70,52.20,52.55,-1.0358,-0.55
0050,台灣50,20111019,52.60,52.75,52.30,52.35,-0.3806,-0.20
0050,台灣50,20111020,52.55,52.65,51.75,51.75,-1.1461,-0.60
0050,台灣50,20111021,51.80,51.95,51.55,51.95,0.3865,0.20
0050,台灣50,20111024,52.45,53.60,52.45,53.60,3.1761,1.65
0050,台灣50,20111025,53.65,53.70,53.45,53.60,0.0000,0.00
0050,台灣50,20111026,51.60,52.15,51.30,52.15,0.9328,-1.45
0050,台灣50,20111027,52.15,52.30,51.75,52.25,0.1918,0.10
0050,台灣50,20111028,53.40,53.45,52.35,52.40,0.2871,0.15
0050,台灣50,20111031,52.80,52.95,52.10,52.20,-0.3817,-0.20
0050,台灣50,20111101,52.20,52.85,51.85,52.55,0.6705,0.35
0050,台灣50,20111102,51.60,52.50,51.45,52.40,-0.2854,-0.15
0050,台灣50,20111103,52.00,52.00,51.45,51.45,-1.8130,-0.95
0050,台灣50,20111104,52.20,52.60,52.10,52.30,1.6521,0.85
0050,台灣50,20111107,52.30,52.55,52.15,52.40,0.1912,0.10
0050,台灣50,20111108,52.40,52.85,52.15,52.15,-0.4771,-0.25
0050,台灣50,20111109,52.50,52.60,52.10,52.20,0.0959,0.05
0050,台灣50,20111110,51.25,51.25,50.20,50.55,-3.1609,-1.65
0050,台灣50,20111111,50.65,51.05,50.50,50.90,0.6924,0.35
0050,台灣50,20111114,51.75,52.25,51.75,52.15,2.4558,1.25
0050,台灣50,20111115,52.05,52.10,51.75,51.85,-0.5753,-0.30
0050,台灣50,20111116,52.15,52.30,51.10,51.20,-1.2536,-0.65
0050,台灣50,20111117,50.90,51.35,50.50,51.35,0.2930,0.15
0050,台灣50,20111118,50.70,50.80,50.25,50.30,-2.0448,-1.05
0050,台灣50,20111121,49.90,49.90,49.12,49.23,-2.1272,-1.07
0050,台灣50,20111122,49.23,49.47,48.83,49.02,-0.4266,-0.21
0050,台灣50,20111123,48.80,48.86,47.70,47.85,-2.3868,-1.17
0050,台灣50,20111124,47.80,48.03,47.28,47.86,0.0209,0.01
0050,台灣50,20111125,48.24,48.46,47.05,47.44,-0.8776,-0.42
0050,台灣50,20111128,48.08,48.30,47.85,48.29,1.7917,0.85
0050,台灣50,20111129,48.75,48.75,48.20,48.72,0.8905,0.43
0050,台灣50,20111130,48.50,48.53,47.75,48.08,-1.3136,-0.64
0050,台灣50,20111201,49.60,50.60,49.60,50.30,4.6173,2.22
0050,台灣50,20111202,50.10,50.25,49.60,49.82,-0.9543,-0.48
0050,台灣50,20111205,49.82,49.82,49.20,49.66,-0.3212,-0.16
0050,台灣50,20111206,49.50,49.50,48.67,48.69,-1.9533,-0.97
0050,台灣50,20111207,49.00,49.33,49.00,49.20,1.0474,0.51
0050,台灣50,20111208,49.01,49.01,48.40,48.86,-0.6911,-0.34
0050,台灣50,20111209,48.00,48.63,48.00,48.24,-1.2689,-0.62
0050,台灣50,20111212,48.94,49.09,48.63,48.80,1.1609,0.56
0050,台灣50,20111213,48.37,48.78,48.17,48.55,-0.5123,-0.25
0050,台灣50,20111214,48.54,48.60,48.17,48.59,0.0824,0.04
0050,台灣50,20111215,48.01,48.01,47.50,47.50,-2.2433,-1.09
0050,台灣50,20111216,47.65,47.81,47.45,47.70,0.4211,0.20
0050,台灣50,20111219,47.40,47.40,46.61,46.74,-2.0126,-0.96
0050,台灣50,20111220,47.05,47.27,46.91,47.00,0.5563,0.26
0050,台灣50,20111221,48.55,49.30,48.55,49.28,4.8511,2.28
0050,台灣50,20111222,49.27,49.32,48.99,49.16,-0.2435,-0.12
0050,台灣50,20111223,49.89,50.25,49.79,50.00,1.7087,0.84
0050,台灣50,20111226,50.00,50.05,49.80,49.95,-0.1000,-0.05
0050,台灣50,20111227,49.85,50.00,49.62,49.85,-0.2002,-0.10
0050,台灣50,20111228,49.75,49.87,49.52,49.57,-0.5617,-0.28
0050,台灣50,20111229,49.50,49.72,49.22,49.61,0.0807,0.04
0050,台灣50,20111230,50.00,50.15,49.59,49.81,0.4031,0.20
0050,台灣50,20120102,49.45,49.60,48.94,49.06,-1.5057,-0.75
0050,台灣50,20120103,49.50,49.95,49.40,49.70,1.3045,0.64
0050,台灣50,20120104,49.90,50.15,49.78,50.00,0.6036,0.30
0050,台灣50,20120105,50.10,50.15,49.91,50.15,0.3000,0.15
0050,台灣50,20120106,50.10,50.25,49.85,50.00,-0.2991,-0.15
0050,台灣50,20120109,49.90,49.95,49.63,49.81,-0.3800,-0.19
0050,台灣50,20120110,50.20,50.70,50.20,50.70,1.7868,0.89
0050,台灣50,20120111,50.70,50.80,50.60,50.65,-0.0986,-0.05
0050,台灣50,20120112,50.70,50.85,50.50,50.75,0.1974,0.10
0050,台灣50,20120113,51.15,51.25,50.75,50.85,0.1970,0.10
0050,台灣50,20120116,51.05,51.10,49.75,50.05,-1.5733,-0.80
0050,台灣50,20120117,50.35,50.60,50.10,50.55,0.9990,0.50
0050,台灣50,20120118,50.55,50.75,50.30,50.40,-0.2967,-0.15
0050,台灣50,20120130,51.40,52.30,51.40,51.80,2.7778,1.40
0050,台灣50,20120131,52.00,52.40,51.75,51.95,0.2896,0.15
0050,台灣50,20120201,52.20,52.50,52.00,52.30,0.6737,0.35
0050,台灣50,20120202,52.70,52.95,52.50,52.90,1.1472,0.60
0050,台灣50,20120203,52.95,53.05,52.75,53.05,0.2836,0.15
0050,台灣50,20120204,53.35,53.80,53.35,53.65,1.1310,0.60
0050,台灣50,20120206,53.50,53.50,53.15,53.20,-0.8388,-0.45
0050,台灣50,20120207,53.30,53.60,53.05,53.30,0.1880,0.10
0050,台灣50,20120208,53.50,54.45,53.50,54.45,2.1576,1.15
0050,台灣50,20120209,54.05,54.40,53.90,54.40,-0.0918,-0.05
0050,台灣50,20120210,54.25,54.55,53.95,53.95,-0.8272,-0.45
0050,台灣50,20120213,54.00,54.35,53.75,54.20,0.4634,0.25
0050,台灣50,20120214,54.05,54.25,53.60,54.00,-0.3690,-0.20
0050,台灣50,20120215,54.30,55.00,54.20,54.90,1.6667,0.90
0050,台灣50,20120216,54.65,54.85,54.20,54.25,-1.1840,-0.65
0050,台灣50,20120217,54.80,55.20,54.35,54.75,0.9217,0.50
0050,台灣50,20120220,54.80,55.05,54.50,54.70,-0.0913,-0.05
0050,台灣50,20120221,54.50,54.75,54.00,54.50,-0.3656,-0.20
0050,台灣50,20120222,54.30,55.10,54.20,54.85,0.6422,0.35
0050,台灣50,20120223,54.55,54.75,54.40,54.60,-0.4558,-0.25
0050,台灣50,20120224,54.60,54.85,54.25,54.75,0.2747,0.15
0050,台灣50,20120229,55.25,56.00,55.25,56.00,2.2831,1.25
0050,台灣50,20120301,55.95,56.20,55.85,55.90,-0.1786,-0.10
0050,台灣50,20120302,56.00,56.10,55.55,55.60,-0.5367,-0.30
0050,台灣50,20120303,55.50,55.55,55.30,55.40,-0.3597,-0.20
0050,台灣50,20120305,55.30,55.35,54.80,54.85,-0.9928,-0.55
0050,台灣50,20120306,54.90,55.05,54.10,54.60,-0.4558,-0.25
0050,台灣50,20120307,54.00,54.50,54.00,54.40,-0.3663,-0.20
0050,台灣50,20120308,54.40,54.90,54.15,54.70,0.5515,0.30
0050,台灣50,20120309,54.70,55.05,54.45,54.95,0.4570,0.25
0050,台灣50,20120312,55.00,55.00,54.35,54.35,-1.0919,-0.60
0050,台灣50,20120313,54.60,55.30,54.60,55.10,1.3799,0.75
0050,台灣50,20120314,56.05,56.20,55.75,55.90,1.4519,0.80
0050,台灣50,20120315,55.75,55.90,55.50,55.65,-0.4472,-0.25
0050,台灣50,20120316,55.50,55.70,55.40,55.40,-0.4492,-0.25
0050,台灣50,20120319,55.45,55.65,54.80,55.25,-0.2708,-0.15
0050,台灣50,20120320,55.35,55.35,54.70,54.85,-0.7240,-0.40
0050,台灣50,20120321,54.85,55.20,54.80,54.85,0.0000,0.00
0050,台灣50,20120322,54.95,55.75,54.95,55.60,1.3674,0.75
0050,台灣50,20120323,55.45,55.60,55.30,55.45,-0.2698,-0.15
0050,台灣50,20120326,55.00,55.25,54.45,54.55,-1.6231,-0.90
0050,台灣50,20120327,54.80,55.25,54.75,55.25,1.2832,0.70
0050,台灣50,20120328,55.45,55.85,55.20,55.45,0.3620,0.20
0050,台灣50,20120329,55.20,55.20,54.35,54.70,-1.3526,-0.75
0050,台灣50,20120330,54.50,54.90,54.20,54.90,0.3656,0.20
0050,台灣50,20120402,54.90,54.90,54.50,54.70,-0.3643,-0.20
0050,台灣50,20120403,54.85,54.90,54.10,54.25,-0.8227,-0.45
0050,台灣50,20120405,53.45,53.80,53.05,53.65,-1.1060,-0.60
0050,台灣50,20120406,53.60,53.85,53.40,53.75,0.1864,0.10
0050,台灣50,20120409,53.00,53.50,52.70,53.10,-1.2093,-0.65
0050,台灣50,20120410,53.55,53.60,52.90,53.10,0.0000,0.00
0050,台灣50,20120411,52.70,53.45,52.70,53.30,0.3766,0.20
0050,台灣50,20120412,53.05,53.40,52.85,53.35,0.0938,0.05
0050,台灣50,20120413,53.80,54.05,53.65,53.95,1.1246,0.60
0050,台灣50,20120416,53.45,53.80,53.45,53.80,-0.2780,-0.15
0050,台灣50,20120417,53.90,53.90,52.90,52.90,-1.6729,-0.90
0050,台灣50,20120418,53.50,53.50,52.95,53.00,0.1890,0.10
0050,台灣50,20120419,53.05,53.20,52.50,53.05,0.0943,0.05
0050,台灣50,20120420,52.90,52.95,52.30,52.35,-1.3195,-0.70
0050,台灣50,20120423,52.30,52.40,51.85,52.30,-0.0955,-0.05
0050,台灣50,20120424,52.25,52.65,52.05,52.40,0.1912,0.10
0050,台灣50,20120425,52.60,52.80,52.45,52.70,0.5725,0.30
0050,台灣50,20120426,52.80,52.85,52.20,52.30,-0.7590,-0.40
0050,台灣50,20120427,52.60,53.05,52.10,52.20,-0.1912,-0.10
0050,台灣50,20120430,52.10,52.10,51.65,52.05,-0.2874,-0.15
0050,台灣50,20120502,52.25,53.35,52.20,53.35,2.4976,1.30
0050,台灣50,20120503,53.25,53.25,52.95,53.10,-0.4686,-0.25
0050,台灣50,20120504,52.80,53.30,52.65,53.20,0.1883,0.10
0050,台灣50,20120507,52.45,52.45,51.85,52.05,-2.1617,-1.15
0050,台灣50,20120508,52.20,52.25,51.90,52.05,0.0000,0.00
0050,台灣50,20120509,51.65,51.85,51.35,51.70,-0.6724,-0.35
0050,台灣50,20120510,51.60,52.00,51.55,51.70,0.0000,0.00
0050,台灣50,20120511,51.60,51.60,51.05,51.15,-1.0638,-0.55
0050,台灣50,20120514,51.30,51.30,50.95,51.20,0.0978,0.05
0050,台灣50,20120515,50.90,51.20,50.55,51.20,0.0000,0.00
0050,台灣50,20120516,51.00,51.10,50.10,50.20,-1.9531,-1.00
0050,台灣50,20120517,50.25,50.85,50.25,50.80,1.1952,0.60
0050,台灣50,20120518,50.05,50.25,49.62,49.67,-2.2244,-1.13
0050,台灣50,20120521,49.95,50.05,49.74,49.95,0.5637,0.28
0050,台灣50,20120522,50.35,50.40,50.05,50.40,0.9009,0.45
0050,台灣50,20120523,49.90,49.90,49.39,49.49,-1.8056,-0.91
0050,台灣50,20120524,49.55,49.69,49.15,49.38,-0.2223,-0.11
0050,台灣50,20120525,49.45,49.45,48.95,49.01,-0.7493,-0.37
0050,台灣50,20120528,49.01,49.47,48.85,49.47,0.9386,0.46
0050,台灣50,20120529,49.60,50.80,49.60,50.70,2.4864,1.23
0050,台灣50,20120530,50.35,50.35,49.83,50.10,-1.1834,-0.60
0050,台灣50,20120531,49.55,50.15,49.24,50.15,0.0998,0.05
0050,台灣50,20120601,49.85,49.85,49.10,49.15,-1.9940,-1.00
0050,台灣50,20120604,48.20,48.20,47.45,47.68,-2.9908,-1.47
0050,台灣50,20120605,48.42,48.45,48.04,48.30,1.3003,0.62
0050,台灣50,20120606,48.40,48.72,48.22,48.63,0.6832,0.33
0050,台灣50,20120607,49.10,49.12,48.63,48.74,0.2262,0.11
0050,台灣50,20120608,48.57,48.60,47.90,48.00,-1.5183,-0.74
0050,台灣50,20120611,48.86,49.07,48.65,48.99,2.0625,0.99
0050,台灣50,20120612,48.10,48.61,48.10,48.61,-0.7757,-0.38
0050,台灣50,20120613,48.61,48.83,48.46,48.71,0.2057,0.10
0050,台灣50,20120614,48.71,49.00,48.63,48.78,0.1437,0.07
0050,台灣50,20120615,48.78,49.40,48.68,49.40,1.2710,0.62
0050,台灣50,20120618,50.40,50.50,50.00,50.20,1.6194,0.80
0050,台灣50,20120619,50.00,50.10,49.86,49.91,-0.5777,-0.29
0050,台灣50,20120620,50.15,50.45,50.15,50.45,1.0819,0.54
0050,台灣50,20120621,50.20,50.30,49.88,50.15,-0.5946,-0.30
0050,台灣50,20120622,49.20,49.62,49.20,49.56,-1.1765,-0.59
0050,台灣50,20120625,49.04,49.29,49.03,49.20,-0.7264,-0.36
0050,台灣50,20120626,49.00,49.10,48.85,48.99,-0.4268,-0.21
0050,台灣50,20120627,48.88,49.50,48.86,49.45,0.9390,0.46
0050,台灣50,20120628,49.70,49.75,49.43,49.53,0.1618,0.08
0050,台灣50,20120629,49.48,50.30,49.35,50.20,1.3527,0.67
0050,台灣50,20120702,50.50,50.70,50.30,50.60,0.7968,0.40
0050,台灣50,20120703,50.80,51.50,50.75,51.20,1.1858,0.60
0050,台灣50,20120704,51.45,51.75,51.25,51.40,0.3906,0.20
0050,台灣50,20120705,51.45,51.65,51.25,51.30,-0.1946,-0.10
0050,台灣50,20120706,51.45,51.55,50.95,51.00,-0.5848,-0.30
0050,台灣50,20120709,50.80,51.05,50.65,50.95,-0.0980,-0.05
0050,台灣50,20120710,50.95,51.00,50.30,50.40,-1.0795,-0.55
0050,台灣50,20120711,50.30,50.55,50.15,50.55,0.2976,0.15
0050,台灣50,20120712,50.45,50.50,49.55,49.65,-1.7804,-0.90
0050,台灣50,20120713,49.50,49.70,49.35,49.50,-0.3021,-0.15
0050,台灣50,20120716,49.75,49.80,49.25,49.50,0.0000,0.00
0050,台灣50,20120717,49.50,50.05,49.40,49.85,0.7071,0.35
0050,台灣50,20120718,49.80,49.80,49.18,49.20,-1.3039,-0.65
0050,台灣50,20120719,49.70,50.30,49.66,50.20,2.0325,1.00
0050,台灣50,20120720,50.15,50.25,49.95,50.15,-0.0996,-0.05
0050,台灣50,20120723,49.65,49.70,49.04,49.25,-1.7946,-0.90
0050,台灣50,20120724,49.20,49.20,48.89,49.12,-0.2640,-0.13
0050,台灣50,20120725,48.82,49.21,48.51,48.86,-0.5293,-0.26
0050,台灣50,20120726,49.33,49.33,48.78,48.94,0.1637,0.08
0050,台灣50,20120727,49.50,49.95,49.35,49.92,2.0025,0.98
0050,台灣50,20120730,50.00,50.55,50.00,50.25,0.6611,0.33
0050,台灣50,20120731,50.50,51.10,50.10,51.10,1.6915,0.85
0050,台灣50,20120801,50.90,51.30,50.80,51.20,0.1957,0.10
0050,台灣50,20120803,50.75,50.90,50.55,50.90,-0.5859,-0.30
0050,台灣50,20120806,51.90,52.00,51.45,51.55,1.2770,0.65
0050,台灣50,20120807,51.60,51.65,51.40,51.60,0.0970,0.05
0050,台灣50,20120808,51.95,52.20,51.70,51.75,0.2907,0.15
0050,台灣50,20120809,52.10,52.90,52.10,52.85,2.1256,1.10
0050,台灣50,20120810,52.85,53.05,52.75,52.80,-0.0946,-0.05
0050,台灣50,20120813,53.00,53.25,52.95,53.00,0.3788,0.20
0050,台灣50,20120814,53.10,53.55,53.00,53.25,0.4717,0.25
0050,台灣50,20120815,53.20,53.40,52.95,53.05,-0.3756,-0.20
0050,台灣50,20120816,53.10,53.50,53.00,53.20,0.2828,0.15
0050,台灣50,20120817,53.35,53.35,52.95,52.95,-0.4699,-0.25
0050,台灣50,20120820,52.85,53.05,52.55,52.80,-0.2833,-0.15
0050,台灣50,20120821,52.95,53.80,52.95,53.40,1.1364,0.60
0050,台灣50,20120822,53.35,53.40,53.00,53.35,-0.0936,-0.05
0050,台灣50,20120823,53.20,53.50,53.15,53.30,-0.0937,-0.05
0050,台灣50,20120824,53.00,53.20,52.95,53.10,-0.3752,-0.20
0050,台灣50,20120827,53.45,53.55,53.00,53.20,0.1883,0.10
0050,台灣50,20120828,52.95,52.95,52.45,52.50,-1.3158,-0.70
0050,台灣50,20120829,52.40,52.80,52.40,52.70,0.3810,0.20
0050,台灣50,20120830,52.45,52.70,52.40,52.55,-0.2846,-0.15
0050,台灣50,20120831,52.50,52.85,52.45,52.75,0.3806,0.20
0050,台灣50,20120903,52.70,53.25,52.70,53.15,0.7583,0.40
0050,台灣50,20120904,53.15,53.30,53.00,53.05,-0.1881,-0.10
0050,台灣50,20120905,52.90,52.90,52.35,52.35,-1.3195,-0.70
0050,台灣50,20120906,52.30,52.50,51.90,52.15,-0.3820,-0.20
0050,台灣50,20120907,53.10,53.20,52.80,52.95,1.5340,0.80
0050,台灣50,20120910,52.95,53.35,52.90,53.35,0.7554,0.40
0050,台灣50,20120911,53.35,53.50,53.25,53.30,-0.0937,-0.05
0050,台灣50,20120912,53.75,54.15,53.75,54.05,1.4071,0.75
0050,台灣50,20120913,54.20,54.30,54.05,54.15,0.1850,0.10
0050,台灣50,20120914,54.80,55.60,54.80,55.50,2.4931,1.35
0050,台灣50,20120917,55.50,55.80,55.35,55.60,0.1802,0.10
0050,台灣50,20120918,55.50,55.60,55.25,55.40,-0.3597,-0.20
0050,台灣50,20120919,55.45,55.75,55.35,55.65,0.4513,0.25
0050,台灣50,20120920,55.55,55.65,55.10,55.25,-0.7188,-0.40
0050,台灣50,20120921,55.35,55.60,55.35,55.45,0.3620,0.20
0050,台灣50,20120924,55.30,55.70,54.95,55.50,0.0902,0.05
0050,台灣50,20120925,55.60,55.65,55.25,55.30,-0.3604,-0.20
0050,台灣50,20120926,54.90,55.15,54.75,54.90,-0.7233,-0.40
0050,台灣50,20120927,54.80,55.15,54.80,55.10,0.3643,0.20
0050,台灣50,20120928,55.25,55.35,54.80,55.15,0.0907,0.05
0050,台灣50,20121001,55.00,55.10,54.75,55.00,-0.2720,-0.15
0050,台灣50,20121002,55.10,55.35,54.95,55.25,0.4545,0.25
0050,台灣50,20121003,55.25,55.30,54.90,55.00,-0.4525,-0.25
0050,台灣50,20121004,55.00,55.10,54.50,55.05,0.0909,0.05
0050,台灣50,20121005,55.00,55.30,55.00,55.10,0.0908,0.05
0050,台灣50,20121008,55.00,55.05,54.55,54.65,-0.8167,-0.45
0050,台灣50,20121009,54.75,54.75,54.40,54.40,-0.4575,-0.25
0050,台灣50,20121011,53.70,53.70,53.20,53.30,-2.0221,-1.10
0050,台灣50,20121012,53.30,53.40,52.90,53.15,-0.2814,-0.15
0050,台灣50,20121015,53.05,53.25,53.00,53.25,0.1881,0.10
0050,台灣50,20121016,53.40,53.50,53.30,53.50,0.4695,0.25
0050,台灣50,20121017,53.90,53.90,53.30,53.40,-0.1869,-0.10
0050,台灣50,20121018,53.70,53.80,53.45,53.65,0.4682,0.25
0050,台灣50,20121019,53.60,53.60,53.05,53.25,-0.7456,-0.40
0050,台灣50,20121022,52.60,52.90,52.40,52.90,-0.6573,-0.35
0050,台灣50,20121023,52.90,53.10,52.65,52.90,0.0000,0.00
0050,台灣50,20121024,50.55,51.00,50.45,51.00,-0.0945,-1.90
0050,台灣50,20121025,50.95,50.95,50.45,50.50,-0.9804,-0.50
0050,台灣50,20121026,50.70,50.75,49.87,49.91,-1.1683,-0.59
0050,台灣50,20121029,49.99,50.20,49.87,50.00,0.1803,0.09
0050,台灣50,20121030,50.30,50.65,50.20,50.45,0.9000,0.45
0050,台灣50,20121031,50.70,50.70,50.20,50.40,-0.0991,-0.05
0050,台灣50,20121101,50.10,50.55,49.60,50.35,-0.0992,-0.05
0050,台灣50,20121102,50.70,50.70,50.50,50.70,0.6951,0.35
0050,台灣50,20121105,50.55,50.70,50.30,50.50,-0.3945,-0.20
0050,台灣50,20121106,50.65,50.95,50.40,50.90,0.7921,0.40
0050,台灣50,20121107,50.90,51.20,50.65,51.15,0.4912,0.25
0050,台灣50,20121108,50.60,50.75,50.50,50.75,-0.7820,-0.40
0050,台灣50,20121109,50.35,51.30,50.25,51.10,0.6897,0.35
0050,台灣50,20121112,51.30,51.30,50.85,50.90,-0.3914,-0.20
0050,台灣50,20121113,51.00,51.00,50.00,50.05,-1.6699,-0.85
0050,台灣50,20121114,49.95,50.25,49.82,50.15,0.1998,0.10
0050,台灣50,20121115,50.00,50.25,49.50,50.00,-0.2991,-0.15
0050,台灣50,20121116,49.95,50.35,49.78,49.94,-0.1200,-0.06
0050,台灣50,20121119,50.30,50.35,50.05,50.25,0.6207,0.31
0050,台灣50,20121120,50.70,50.70,50.25,50.35,0.1990,0.10
0050,台灣50,20121121,50.45,50.50,49.70,49.97,-0.7547,-0.38
0050,台灣50,20121122,50.30,50.35,50.10,50.20,0.4603,0.23
0050,台灣50,20121123,50.55,51.80,50.50,51.70,2.9880,1.50
0050,台灣50,20121126,51.80,52.30,51.80,52.20,0.9671,0.50
0050,台灣50,20121127,52.20,52.50,52.00,52.40,0.3831,0.20
0050,台灣50,20121128,52.40,52.50,52.20,52.45,0.0954,0.05
0050,台灣50,20121129,52.65,53.10,52.65,53.10,1.2393,0.65
0050,台灣50,20121130,53.10,53.70,53.00,53.55,0.8475,0.45
0050,台灣50,20121203,53.55,53.80,53.20,53.50,-0.0934,-0.05
0050,台灣50,20121204,53.05,53.45,53.05,53.45,-0.0935,-0.05
0050,台灣50,20121205,53.30,53.80,53.10,53.75,0.5613,0.30
0050,台灣50,20121206,53.75,53.75,53.45,53.60,-0.2791,-0.15
0050,台灣50,20121207,53.65,54.05,53.65,53.90,0.5597,0.30
0050,台灣50,20121210,53.90,54.05,53.50,53.70,-0.3711,-0.20
0050,台灣50,20121211,53.65,53.80,53.30,53.65,-0.0931,-0.05
0050,台灣50,20121212,53.80,54.30,53.80,54.10,0.8388,0.45
0050,台灣50,20121213,54.30,54.80,54.25,54.70,1.1091,0.60
0050,台灣50,20121214,54.60,54.60,54.20,54.20,-0.9141,-0.50
0050,台灣50,20121217,54.20,54.20,53.40,53.50,-1.2915,-0.70
0050,台灣50,20121218,53.75,53.75,53.40,53.55,0.0935,0.05
0050,台灣50,20121219,53.95,53.95,53.60,53.70,0.2801,0.15
0050,台灣50,20121220,53.35,53.50,53.05,53.05,-1.2104,-0.65
0050,台灣50,20121221,53.05,53.20,52.40,52.80,-0.4713,-0.25
0050,台灣50,20121222,52.60,53.00,52.60,52.95,0.2841,0.15
0050,台灣50,20121224,52.90,53.05,52.65,52.70,-0.4721,-0.25
0050,台灣50,20121225,52.75,53.70,52.75,53.60,1.7078,0.90
0050,台灣50,20121226,53.60,53.75,53.40,53.50,-0.1866,-0.10
0050,台灣50,20121227,53.20,53.60,53.20,53.45,-0.0935,-0.05
0050,台灣50,20121228,53.70,53.95,53.65,53.80,0.6548,0.35
0050,台灣50,20130102,54.00,54.65,53.90,54.40,1.1152,0.60
0050,台灣50,20130103,54.90,55.05,54.65,54.85,0.8272,0.45
0050,台灣50,20130104,54.85,54.85,54.40,54.50,-0.6381,-0.35
0050,台灣50,20130107,54.55,54.55,53.90,54.25,-0.4587,-0.25
0050,台灣50,20130108,54.00,54.20,53.65,53.90,-0.6452,-0.35
0050,台灣50,20130109,53.75,54.30,53.75,54.10,0.3711,0.20
0050,台灣50,20130110,54.30,54.65,54.15,54.50,0.7394,0.40
0050,台灣50,20130111,54.70,54.80,54.35,54.45,-0.0917,-0.05
0050,台灣50,20130114,54.00,54.50,53.80,54.50,0.0918,0.05
0050,台灣50,20130115,54.20,54.45,53.90,54.00,-0.9174,-0.50
0050,台灣50,20130116,54.05,54.05,53.70,53.70,-0.5556,-0.30
0050,台灣50,20130117,53.90,54.20,53.20,53.30,-0.7449,-0.40
0050,台灣50,20130118,53.95,53.95,53.70,53.95,1.2195,0.65
0050,台灣50,20130121,53.95,54.05,53.55,53.90,-0.0927,-0.05
0050,台灣50,20130122,54.30,54.30,53.70,54.05,0.2783,0.15
0050,台灣50,20130123,54.20,54.30,53.90,54.00,-0.0925,-0.05
0050,台灣50,20130124,53.75,53.90,53.25,53.70,-0.5556,-0.30
0050,台灣50,20130125,53.65,53.70,53.20,53.50,-0.3724,-0.20
0050,台灣50,20130128,53.70,53.95,53.65,53.75,0.4673,0.25
0050,台灣50,20130129,53.95,54.50,53.95,54.50,1.3953,0.75
0050,台灣50,20130130,54.50,54.75,54.45,54.60,0.1835,0.10
0050,台灣50,20130131,54.50,54.60,54.30,54.60,0.0000,0.00
0050,台灣50,20130201,54.70,54.85,54.60,54.80,0.3663,0.20
0050,台灣50,20130204,54.85,55.40,54.85,55.20,0.7299,0.40
0050,台灣50,20130205,54.90,55.10,54.90,55.00,-0.3623,-0.20
0050,台灣50,20130206,55.20,55.50,55.20,55.40,0.7273,0.40
0050,台灣50,20130218,55.50,55.90,55.45,55.60,0.3610,0.20
0050,台灣50,20130219,55.60,55.75,55.55,55.65,0.0899,0.05
0050,台灣50,20130220,55.90,56.20,55.90,56.10,0.8086,0.45
0050,台灣50,20130221,55.90,56.05,55.70,55.70,-0.7130,-0.40
0050,台灣50,20130222,55.60,55.85,55.35,55.50,-0.3591,-0.20
0050,台灣50,20130223,55.70,55.90,55.65,55.80,0.5405,0.30
0050,台灣50,20130225,55.80,55.80,55.55,55.70,-0.1792,-0.10
0050,台灣50,20130226,55.25,55.40,55.05,55.10,-1.0772,-0.60
0050,台灣50,20130227,55.05,55.20,54.95,55.20,0.1815,0.10
0050,台灣50,20130301,55.35,55.55,55.30,55.40,0.3623,0.20
0050,台灣50,20130304,55.40,55.45,54.70,54.75,-1.1733,-0.65
0050,台灣50,20130305,54.90,55.35,54.90,55.20,0.8219,0.45
0050,台灣50,20130306,55.70,55.75,55.20,55.45,0.4529,0.25
0050,台灣50,20130307,55.20,55.65,55.20,55.40,-0.0902,-0.05
0050,台灣50,20130308,55.60,55.90,55.60,55.80,0.7220,0.40
0050,台灣50,20130311,55.80,56.10,55.60,55.90,0.1792,0.10
0050,台灣50,20130312,55.90,56.00,55.55,55.55,-0.6261,-0.35
0050,台灣50,20130313,55.60,55.95,55.30,55.65,0.1800,0.10
0050,台灣50,20130314,55.50,55.60,55.35,55.60,-0.0898,-0.05
0050,台灣50,20130315,55.60,55.70,55.20,55.20,-0.7194,-0.40
0050,台灣50,20130318,55.00,55.00,54.30,54.50,-1.2681,-0.70
0050,台灣50,20130319,54.70,54.75,54.50,54.60,0.1835,0.10
0050,台灣50,20130320,54.35,54.55,54.15,54.25,-0.6410,-0.35
0050,台灣50,20130321,54.40,54.45,54.25,54.30,0.0922,0.05
0050,台灣50,20130322,54.20,54.35,54.15,54.15,-0.2762,-0.15
0050,台灣50,20130325,54.75,54.75,54.45,54.55,0.7387,0.40
0050,台灣50,20130326,54.55,54.60,54.45,54.55,0.0000,0.00
0050,台灣50,20130327,54.60,54.85,54.45,54.70,0.2750,0.15
0050,台灣50,20130328,54.70,54.75,54.40,54.55,-0.2742,-0.15
0050,台灣50,20130329,54.85,55.15,54.70,55.10,1.0082,0.55
0050,台灣50,20130401,55.10,55.20,54.95,55.00,-0.1815,-0.10
0050,台灣50,20130402,55.00,55.10,54.70,54.85,-0.2727,-0.15
0050,台灣50,20130403,55.10,55.15,54.90,55.00,0.2735,0.15
0050,台灣50,20130408,54.45,54.50,53.85,53.85,-2.0909,-1.15
0050,台灣50,20130409,54.00,54.05,53.60,53.70,-0.2786,-0.15
0050,台灣50,20130410,53.75,53.95,53.60,53.80,0.1862,0.10
0050,台灣50,20130411,53.95,54.40,53.95,54.35,1.0223,0.55
0050,台灣50,20130412,54.40,54.50,54.20,54.35,0.0000,0.00
0050,台灣50,20130415,54.25,54.35,53.75,53.90,-0.8280,-0.45
0050,台灣50,20130416,53.50,54.00,53.45,54.00,0.1855,0.10
0050,台灣50,20130417,54.00,54.10,53.85,53.90,-0.1852,-0.10
0050,台灣50,20130418,53.55,54.10,53.55,53.85,-0.0928,-0.05
0050,台灣50,20130419,54.25,55.50,54.25,55.45,2.9712,1.60
0050,台灣50,20130422,55.55,55.65,55.30,55.40,-0.0902,-0.05
0050,台灣50,20130423,55.40,55.40,54.95,55.10,-0.5415,-0.30
0050,台灣50,20130424,55.35,55.75,55.25,55.55,0.8167,0.45
0050,台灣50,20130425,55.45,55.75,55.40,55.65,0.1800,0.10
0050,台灣50,20130426,55.80,56.20,55.80,55.85,0.3594,0.20
0050,台灣50,20130429,55.90,56.00,55.75,55.80,-0.0895,-0.05
0050,台灣50,20130430,56.25,56.55,56.25,56.40,1.0753,0.60
0050,台灣50,20130502,56.35,56.65,56.35,56.55,0.2660,0.15
0050,台灣50,20130503,56.85,57.00,56.65,56.65,0.1768,0.10
0050,台灣50,20130506,57.00,57.15,56.90,56.90,0.4413,0.25
0050,台灣50,20130507,56.90,57.20,56.80,57.10,0.3515,0.20
0050,台灣50,20130508,57.20,58.10,57.20,57.85,1.3135,0.75
0050,台灣50,20130509,58.20,58.45,58.15,58.20,0.6050,0.35
0050,台灣50,20130510,58.10,58.15,57.85,57.90,-0.5155,-0.30
0050,台灣50,20130513,57.90,58.00,57.60,57.75,-0.2591,-0.15
0050,台灣50,20130514,58.00,58.25,57.75,57.90,0.2597,0.15
0050,台灣50,20130515,58.10,58.10,57.65,57.95,0.0864,0.05
0050,台灣50,20130516,58.50,58.90,58.40,58.70,1.2942,0.75
0050,台灣50,20130517,58.60,58.70,58.40,58.40,-0.5111,-0.30
0050,台灣50,20130520,58.30,58.50,58.10,58.30,-0.1712,-0.10
0050,台灣50,20130521,58.35,58.70,58.15,58.30,0.0000,0.00
0050,台灣50,20130522,58.65,58.70,58.20,58.25,-0.0858,-0.05
0050,台灣50,20130523,57.90,58.00,57.00,57.00,-2.1459,-1.25
0050,台灣50,20130524,57.00,57.20,56.60,56.85,-0.2632,-0.15
0050,台灣50,20130527,56.80,57.35,56.80,57.35,0.8795,0.50
0050,台灣50,20130528,57.40,57.45,57.15,57.15,-0.3487,-0.20
0050,台灣50,20130529,57.35,57.80,57.35,57.65,0.8749,0.50
0050,台灣50,20130530,57.40,57.45,56.85,56.95,-1.2142,-0.70
0050,台灣50,20130531,57.50,57.70,56.80,56.95,0.0000,0.00
0050,台灣50,20130603,56.45,56.75,56.25,56.70,-0.4390,-0.25
0050,台灣50,20130604,56.70,56.80,56.35,56.60,-0.1764,-0.10
0050,台灣50,20130605,56.55,56.75,56.35,56.60,0.0000,0.00
0050,台灣50,20130606,56.20,56.30,55.75,55.90,-1.2367,-0.70
0050,台灣50,20130607,55.95,56.15,55.90,56.05,0.2683,0.15
0050,台灣50,20130610,56.55,56.70,56.40,56.50,0.8029,0.45
0050,台灣50,20130611,56.55,56.65,56.25,56.35,-0.2655,-0.15
0050,台灣50,20130613,55.90,55.90,55.00,55.00,-2.3957,-1.35
0050,台灣50,20130614,55.15,55.15,54.70,54.80,-0.3636,-0.20
0050,台灣50,20130617,54.85,55.15,54.80,55.15,0.6387,0.35
0050,台灣50,20130618,55.15,55.40,54.85,55.40,0.4533,0.25
0050,台灣50,20130619,55.50,55.50,55.15,55.30,-0.1805,-0.10
0050,台灣50,20130620,55.00,55.00,54.20,54.25,-1.8987,-1.05
0050,台灣50,20130621,54.10,54.10,53.25,53.60,-1.1982,-0.65
0050,台灣50,20130624,53.40,53.50,53.10,53.40,-0.3731,-0.20
0050,台灣50,20130625,53.30,53.70,52.95,53.00,-0.7491,-0.40
0050,台灣50,20130626,53.60,53.80,53.30,53.70,1.3208,0.70
0050,台灣50,20130627,54.05,54.35,53.90,54.35,1.2104,0.65
0050,台灣50,20130628,54.40,55.10,54.30,55.10,1.3799,0.75
0050,台灣50,20130701,54.80,55.70,54.80,55.60,0.9074,0.50
0050,台灣50,20130702,55.65,55.75,55.45,55.50,-0.1799,-0.10
0050,台灣50,20130703,55.20,55.40,54.85,54.85,-1.1712,-0.65
0050,台灣50,20130704,54.90,55.15,54.80,54.95,0.1823,0.10
0050,台灣50,20130705,55.25,56.05,55.20,56.05,2.0018,1.10
0050,台灣50,20130708,56.05,56.05,54.95,55.00,-1.8733,-1.05
0050,台灣50,20130709,55.00,55.70,54.95,55.65,1.1818,0.65
0050,台灣50,20130710,55.75,56.30,55.65,55.80,0.2695,0.15
0050,台灣50,20130711,56.75,57.40,56.70,57.20,2.5090,1.40
0050,台灣50,20130712,57.20,57.40,57.10,57.35,0.2622,0.15
0050,台灣50,20130715,57.35,57.70,57.10,57.50,0.2616,0.15
0050,台灣50,20130716,57.50,57.60,57.35,57.50,0.0000,0.00
0050,台灣50,20130717,57.40,57.75,57.35,57.60,0.1739,0.10
0050,台灣50,20130718,57.60,57.65,57.10,57.20,-0.6944,-0.40
0050,台灣50,20130719,56.90,56.90,55.75,55.95,-2.1853,-1.25
0050,台灣50,20130722,56.15,56.40,56.10,56.15,0.3575,0.20
0050,台灣50,20130723,56.50,57.20,56.50,57.05,1.6028,0.90
0050,台灣50,20130724,56.80,57.15,56.80,56.90,-0.2629,-0.15
0050,台灣50,20130725,56.80,57.15,56.50,57.00,0.1757,0.10
0050,台灣50,20130726,57.00,57.40,56.70,56.90,-0.1754,-0.10
0050,台灣50,20130729,56.70,56.85,56.25,56.50,-0.7030,-0.40
0050,台灣50,20130730,56.75,57.15,56.50,56.95,0.7965,0.45
0050,台灣50,20130731,56.95,56.95,56.55,56.60,-0.6146,-0.35
0050,台灣50,20130801,56.55,56.65,56.05,56.20,-0.7067,-0.40
0050,台灣50,20130802,56.60,57.00,56.35,56.55,0.6228,0.35
0050,台灣50,20130805,56.50,56.80,56.25,56.70,0.2653,0.15
0050,台灣50,20130806,56.40,56.40,55.75,55.90,-1.4109,-0.80
0050,台灣50,20130807,55.55,55.55,55.10,55.10,-1.4311,-0.80
0050,台灣50,20130808,55.00,55.10,54.80,54.90,-0.3630,-0.20
0050,台灣50,20130809,54.90,55.10,54.65,54.85,-0.0911,-0.05
0050,台灣50,20130812,55.00,55.05,54.70,55.00,0.2735,0.15
0050,台灣50,20130813,55.35,55.55,55.30,55.55,1.0000,0.55
0050,台灣50,20130814,55.55,55.55,55.10,55.40,-0.2700,-0.15
0050,台灣50,20130815,54.85,55.05,54.50,55.00,-0.7220,-0.40
0050,台灣50,20130816,54.65,55.45,54.65,55.25,0.4545,0.25
0050,台灣50,20130819,55.05,55.10,54.85,55.10,-0.2715,-0.15
0050,台灣50,20130820,54.85,55.15,54.50,54.60,-0.9074,-0.50
0050,台灣50,20130822,54.30,54.35,53.85,54.15,-0.8242,-0.45
0050,台灣50,20130823,54.50,55.00,54.50,54.85,1.2927,0.70
0050,台灣50,20130826,55.00,55.20,54.75,55.10,0.4558,0.25
0050,台灣50,20130827,55.00,55.00,54.60,54.60,-0.9074,-0.50
0050,台灣50,20130828,54.35,54.75,54.30,54.75,0.2747,0.15
0050,台灣50,20130829,54.85,55.60,54.85,55.50,1.3699,0.75
0050,台灣50,20130830,55.60,55.85,55.40,55.85,0.6306,0.35
0050,台灣50,20130902,55.95,56.40,55.90,56.30,0.8057,0.45
0050,台灣50,20130903,56.60,56.70,56.40,56.65,0.6217,0.35
0050,台灣50,20130904,56.50,56.60,56.25,56.55,-0.1765,-0.10
0050,台灣50,20130905,56.70,56.95,56.55,56.90,0.6189,0.35
0050,台灣50,20130906,56.85,57.05,56.85,57.00,0.1757,0.10
0050,台灣50,20130909,57.00,57.30,56.70,57.20,0.3509,0.20
0050,台灣50,20130910,57.35,57.60,57.15,57.35,0.2622,0.15
0050,台灣50,20130911,57.50,57.50,57.10,57.50,0.2616,0.15
0050,台灣50,20130912,57.40,57.70,57.30,57.55,0.0870,0.05
0050,台灣50,20130913,57.50,57.60,57.10,57.10,-0.7819,-0.45
0050,台灣50,20130914,57.15,57.25,57.05,57.10,0.0000,0.00
0050,台灣50,20130916,57.45,57.95,57.45,57.80,1.2259,0.70
0050,台灣50,20130917,57.50,57.75,57.50,57.75,-0.0865,-0.05
0050,台灣50,20130918,57.90,58.00,57.55,57.55,-0.3463,-0.20
0050,台灣50,20130923,57.55,58.15,57.50,58.00,0.7819,0.45
0050,台灣50,20130924,58.00,58.10,57.75,58.05,0.0862,0.05
0050,台灣50,20130925,58.00,58.00,57.60,57.80,-0.4307,-0.25
0050,台灣50,20130926,57.70,57.80,57.20,57.25,-0.9516,-0.55
0050,台灣50,20130927,57.40,57.55,57.35,57.40,0.2620,0.15
0050,台灣50,20130930,57.00,57.30,56.75,57.15,-0.4355,-0.25
0050,台灣50,20131001,57.00,57.30,57.00,57.15,0.0000,0.00
0050,台灣50,20131002,57.50,57.50,57.25,57.35,0.3500,0.20
0050,台灣50,20131003,57.50,58.80,57.45,58.55,2.0924,1.20
0050,台灣50,20131004,58.50,58.55,58.25,58.45,-0.1708,-0.10
0050,台灣50,20131007,58.15,58.15,57.85,57.90,-0.9410,-0.55
0050,台灣50,20131008,57.85,58.45,57.80,58.35,0.7772,0.45
0050,台灣50,20131009,58.10,58.35,58.00,58.20,-0.2571,-0.15
0050,台灣50,20131011,58.85,58.95,58.40,58.45,0.4296,0.25
0050,台灣50,20131014,58.40,58.40,57.95,58.00,-0.7699,-0.45
0050,台灣50,20131015,58.45,58.60,58.30,58.50,0.8621,0.50
0050,台灣50,20131016,58.45,58.60,58.25,58.25,-0.4274,-0.25
0050,台灣50,20131017,58.65,58.85,58.45,58.55,0.5150,0.30
0050,台灣50,20131018,58.65,59.10,58.65,59.05,0.8540,0.50
0050,台灣50,20131021,59.05,59.15,58.85,59.00,-0.0847,-0.05
0050,台灣50,20131022,58.80,59.10,58.60,59.00,0.0000,0.00
0050,台灣50,20131023,59.10,59.10,58.60,58.70,-0.5085,-0.30
0050,台灣50,20131024,57.70,57.70,57.15,57.55,0.3407,-1.15
0050,台灣50,20131025,57.35,57.35,56.85,57.10,-0.7819,-0.45
0050,台灣50,20131028,57.15,57.65,57.10,57.50,0.7005,0.40
0050,台灣50,20131029,57.45,57.80,57.30,57.75,0.4348,0.25
0050,台灣50,20131030,57.80,57.90,57.65,57.90,0.2597,0.15
0050,台灣50,20131031,57.85,58.05,57.60,57.90,0.0000,0.00
0050,台灣50,20131101,58.00,58.10,57.45,57.60,-0.5181,-0.30
0050,台灣50,20131104,57.40,57.40,57.10,57.35,-0.4340,-0.25
0050,台灣50,20131105,57.25,57.35,56.75,56.80,-0.9590,-0.55
0050,台灣50,20131106,56.80,56.90,56.60,56.80,0.0000,0.00
0050,台灣50,20131107,56.85,56.85,56.50,56.65,-0.2641,-0.15
0050,台灣50,20131108,56.60,56.65,56.35,56.45,-0.3530,-0.20
0050,台灣50,20131111,56.45,56.50,56.20,56.30,-0.2657,-0.15
0050,台灣50,20131112,56.60,56.60,56.20,56.50,0.3552,0.20
0050,台灣50,20131113,56.25,56.30,55.70,55.75,-1.3274,-0.75
0050,台灣50,20131114,56.00,56.10,55.65,55.90,0.2691,0.15
0050,台灣50,20131115,56.10,56.35,55.90,56.15,0.4472,0.25
0050,台灣50,20131118,56.35,56.50,56.20,56.45,0.5343,0.30
0050,台灣50,20131119,56.55,56.85,56.55,56.80,0.6200,0.35
0050,台灣50,20131120,56.65,56.70,56.35,56.45,-0.6162,-0.35
0050,台灣50,20131121,56.10,56.10,55.40,55.45,-1.7715,-1.00
0050,台灣50,20131122,55.50,55.70,55.50,55.50,0.0902,0.05
0050,台灣50,20131125,56.15,56.50,56.15,56.25,1.3514,0.75
0050,台灣50,20131126,56.00,56.90,56.00,56.70,0.8000,0.45
0050,台灣50,20131127,56.70,57.05,56.65,57.00,0.5291,0.30
0050,台灣50,20131128,57.35,57.45,57.20,57.35,0.6140,0.35
0050,台灣50,20131129,57.35,57.70,57.25,57.55,0.3487,0.20
0050,台灣50,20131202,57.60,57.70,57.35,57.45,-0.1738,-0.10
0050,台灣50,20131203,57.35,57.50,57.15,57.50,0.0870,0.05
0050,台灣50,20131204,57.25,57.65,57.20,57.45,-0.0870,-0.05
0050,台灣50,20131205,57.45,57.50,57.00,57.10,-0.6092,-0.35
0050,台灣50,20131206,57.05,57.40,56.90,57.15,0.0876,0.05
0050,台灣50,20131209,57.55,57.95,57.55,57.65,0.8749,0.50
0050,台灣50,20131210,57.55,57.90,57.55,57.80,0.2602,0.15
0050,台灣50,20131211,57.95,58.30,57.65,57.85,0.0865,0.05
0050,台灣50,20131212,57.60,57.60,57.20,57.40,-0.7779,-0.45
0050,台灣50,20131213,57.10,57.40,57.05,57.35,-0.0871,-0.05
0050,台灣50,20131216,57.25,57.25,56.70,56.90,-0.7847,-0.45
0050,台灣50,20131217,57.15,57.30,57.10,57.20,0.5272,0.30
0050,台灣50,20131218,57.20,57.20,56.85,57.00,-0.3497,-0.20
0050,台灣50,20131219,57.40,57.50,57.15,57.35,0.6140,0.35
0050,台灣50,20131220,57.35,57.55,57.20,57.45,0.1744,0.10
0050,台灣50,20131223,57.55,58.00,57.55,57.85,0.6963,0.40
0050,台灣50,20131224,57.85,57.90,57.70,57.80,-0.0864,-0.05
0050,台灣50,20131225,57.90,57.95,57.75,57.85,0.0865,0.05
0050,台灣50,20131226,57.85,57.95,57.80,57.85,0.0000,0.00
0050,台灣50,20131227,57.80,58.40,57.80,58.30,0.7779,0.45
0050,台灣50,20131230,58.35,58.95,58.35,58.80,0.8576,0.50
0050,台灣50,20131231,59.05,59.05,58.70,58.70,-0.1701,-0.10
0050,台灣50,20140102,58.70,58.75,58.35,58.55,-0.2555,-0.15
0050,台灣50,20140103,58.45,58.45,57.70,57.85,-1.1956,-0.70
0050,台灣50,20140106,57.75,57.95,57.55,57.70,-0.2593,-0.15
0050,台灣50,20140107,57.75,57.90,57.70,57.70,0.0000,0.00
0050,台灣50,20140108,57.70,57.95,57.70,57.80,0.1733,0.10
0050,台灣50,20140109,57.65,57.80,57.40,57.55,-0.4325,-0.25
0050,台灣50,20140110,57.50,57.65,57.50,57.55,0.0000,0.00
0050,台灣50,20140113,58.00,58.20,57.80,57.90,0.6082,0.35
0050,台灣50,20140114,57.70,57.85,57.60,57.80,-0.1727,-0.10
0050,台灣50,20140115,57.95,58.45,57.95,58.40,1.0381,0.60
0050,台灣50,20140116,58.50,58.75,58.50,58.55,0.2568,0.15
0050,台灣50,20140117,58.60,58.70,58.30,58.65,0.1708,0.10
0050,台灣50,20140120,58.40,58.80,58.40,58.80,0.2558,0.15
0050,台灣50,20140121,58.75,58.85,58.50,58.55,-0.4252,-0.25
0050,台灣50,20140122,58.45,58.65,58.35,58.65,0.1708,0.10
0050,台灣50,20140123,58.60,58.75,58.35,58.50,-0.2558,-0.15
0050,台灣50,20140124,58.30,58.80,58.30,58.65,0.2564,0.15
0050,台灣50,20140127,58.10,58.20,57.45,57.60,-1.7903,-1.05
0050,台灣50,20140205,56.40,56.40,55.60,55.80,-3.1250,-1.80
0050,台灣50,20140206,55.95,56.20,55.80,56.00,0.3584,0.20
0050,台灣50,20140207,56.40,56.70,56.30,56.60,1.0714,0.60
0050,台灣50,20140210,56.90,56.90,56.60,56.60,0.0000,0.00
0050,台灣50,20140211,56.60,56.95,56.60,56.95,0.6184,0.35
0050,台灣50,20140212,57.15,57.55,57.15,57.55,1.0536,0.60
0050,台灣50,20140213,57.45,57.55,57.35,57.40,-0.2606,-0.15
0050,台灣50,20140214,57.70,58.20,57.70,57.95,0.9582,0.55
0050,台灣50,20140217,58.10,58.25,57.95,57.95,0.0000,0.00
0050,台灣50,20140218,57.95,58.15,57.80,58.15,0.3451,0.20
0050,台灣50,20140219,58.10,58.20,58.05,58.15,0.0000,0.00
0050,台灣50,20140220,58.05,58.05,57.60,57.65,-0.8598,-0.50
0050,台灣50,20140221,58.40,58.45,58.20,58.20,0.9540,0.55
0050,台灣50,20140224,58.40,58.45,57.80,57.90,-0.5155,-0.30
0050,台灣50,20140225,58.25,58.25,57.95,58.15,0.4318,0.25
0050,台灣50,20140226,58.00,58.50,57.95,58.40,0.4299,0.25
0050,台灣50,20140227,58.30,58.45,58.30,58.30,-0.1712,-0.10
0050,台灣50,20140303,57.80,58.15,57.50,57.95,-0.6003,-0.35
0050,台灣50,20140304,57.90,58.00,57.70,57.70,-0.4314,-0.25
0050,台灣50,20140305,58.20,58.45,58.20,58.30,1.0399,0.60
0050,台灣50,20140306,58.35,59.20,58.35,59.15,1.4580,0.85
0050,台灣50,20140307,59.30,59.80,59.30,59.40,0.4227,0.25
0050,台灣50,20140310,59.30,59.40,58.95,59.05,-0.5892,-0.35
0050,台灣50,20140311,59.25,59.45,59.15,59.35,0.5080,0.30
0050,台灣50,20140312,58.85,59.00,58.75,58.80,-0.9267,-0.55
0050,台灣50,20140313,59.25,59.80,59.25,59.75,1.6156,0.95
0050,台灣50,20140314,59.15,59.30,59.10,59.15,-1.0042,-0.60
0050,台灣50,20140317,59.15,59.20,58.90,59.05,-0.1691,-0.10
0050,台灣50,20140318,59.40,59.50,59.20,59.40,0.5927,0.35
0050,台灣50,20140319,59.40,59.45,58.95,59.25,-0.2525,-0.15
0050,台灣50,20140320,58.70,58.70,58.30,58.50,-1.2658,-0.75
0050,台灣50,20140321,58.65,58.65,58.40,58.50,0.0000,0.00
0050,台灣50,20140324,58.45,58.65,58.25,58.65,0.2564,0.15
0050,台灣50,20140325,58.50,59.15,58.50,59.15,0.8525,0.50
0050,台灣50,20140326,59.45,59.70,59.35,59.70,0.9298,0.55
0050,台灣50,20140327,59.50,59.85,59.45,59.80,0.1675,0.10
0050,台灣50,20140328,59.85,60.10,59.80,59.90,0.1672,0.10
0050,台灣50,20140331,60.05,60.15,59.90,60.10,0.3339,0.20
0050,台灣50,20140401,60.25,60.60,60.20,60.60,0.8319,0.50
0050,台灣50,20140402,60.80,61.15,60.80,60.80,0.3300,0.20
0050,台灣50,20140403,60.80,60.95,60.65,60.65,-0.2467,-0.15
0050,台灣50,20140407,60.40,60.50,60.30,60.50,-0.2473,-0.15
0050,台灣50,20140408,60.45,60.90,60.45,60.80,0.4959,0.30
0050,台灣50,20140409,60.80,61.10,60.80,61.00,0.3289,0.20
0050,台灣50,20140410,61.25,61.30,60.90,61.20,0.3279,0.20
0050,台灣50,20140411,60.80,61.15,60.80,61.15,-0.0817,-0.05
0050,台灣50,20140414,61.10,61.20,60.90,61.05,-0.1635,-0.10
0050,台灣50,20140415,61.20,61.45,61.20,61.35,0.4914,0.30
0050,台灣50,20140416,61.35,61.50,61.10,61.30,-0.0815,-0.05
0050,台灣50,20140417,61.30,61.40,61.10,61.15,-0.2447,-0.15
0050,台灣50,20140418,61.75,61.90,61.50,61.55,0.6541,0.40
0050,台灣50,20140421,61.45,61.65,61.45,61.55,0.0000,0.00
0050,台灣50,20140422,61.55,61.95,61.55,61.75,0.3249,0.20
0050,台灣50,20140423,61.85,62.05,61.50,61.65,-0.1619,-0.10
0050,台灣50,20140424,61.70,61.80,61.60,61.75,0.1622,0.10
0050,台灣50,20140425,61.65,61.80,60.60,60.70,-1.7004,-1.05
0050,台灣50,20140428,60.30,61.50,60.30,61.25,0.9061,0.55
0050,台灣50,20140429,61.25,61.50,61.10,61.35,0.1633,0.10
0050,台灣50,20140430,61.40,61.45,60.80,61.00,-0.5705,-0.35
0050,台灣50,20140502,61.15,61.65,61.15,61.30,0.4918,0.30
0050,台灣50,20140505,61.55,61.60,61.00,61.20,-0.1631,-0.10
0050,台灣50,20140506,61.50,61.75,61.10,61.55,0.5719,0.35
0050,台灣50,20140507,61.50,61.60,61.20,61.40,-0.2437,-0.15
0050,台灣50,20140508,61.60,61.85,61.40,61.85,0.7329,0.45
0050,台灣50,20140509,61.70,61.85,61.45,61.45,-0.6467,-0.40
0050,台灣50,20140512,61.50,61.50,61.10,61.15,-0.4882,-0.30
0050,台灣50,20140513,61.60,61.75,61.35,61.45,0.4906,0.30
0050,台灣50,20140514,61.60,61.80,61.45,61.80,0.5696,0.35
0050,台灣50,20140515,61.75,61.85,61.55,61.75,-0.0809,-0.05
0050,台灣50,20140516,61.65,61.85,61.40,61.85,0.1619,0.10
0050,台灣50,20140519,61.85,62.00,61.80,61.85,0.0000,0.00
0050,台灣50,20140520,61.90,62.30,61.90,62.10,0.4042,0.25
0050,台灣50,20140521,62.00,62.20,61.75,61.80,-0.4831,-0.30
0050,台灣50,20140522,62.00,62.65,61.95,62.65,1.3754,0.85
0050,台灣50,20140523,62.85,62.90,62.65,62.75,0.1596,0.10
0050,台灣50,20140526,62.85,63.10,62.85,63.05,0.4781,0.30
0050,台灣50,20140527,63.05,63.20,62.95,63.10,0.0793,0.05
0050,台灣50,20140528,63.15,63.80,63.15,63.70,0.9509,0.60
0050,台灣50,20140529,63.70,63.70,63.40,63.40,-0.4710,-0.30
0050,台灣50,20140530,63.40,63.45,63.10,63.10,-0.4732,-0.30
0050,台灣50,20140603,63.15,63.45,62.80,63.15,0.0792,0.05
0050,台灣50,20140604,63.40,63.55,63.30,63.40,0.3959,0.25
0050,台灣50,20140605,63.30,63.40,63.10,63.40,0.0000,0.00
0050,台灣50,20140606,63.65,63.75,63.40,63.55,0.2366,0.15
0050,台灣50,20140609,63.60,63.85,63.60,63.80,0.3934,0.25
0050,台灣50,20140610,63.85,64.30,63.85,64.20,0.6270,0.40
0050,台灣50,20140611,64.20,64.25,64.05,64.15,-0.0779,-0.05
0050,台灣50,20140612,64.00,64.10,63.90,64.00,-0.2338,-0.15
0050,台灣50,20140613,63.90,63.90,63.70,63.85,-0.2344,-0.15
0050,台灣50,20140616,63.85,64.00,63.60,63.90,0.0783,0.05
0050,台灣50,20140617,63.90,64.45,63.85,64.35,0.7042,0.45
0050,台灣50,20140618,64.40,64.80,64.30,64.50,0.2331,0.15
0050,台灣50,20140619,64.65,65.05,64.55,64.95,0.6977,0.45
0050,台灣50,20140620,64.95,65.10,64.70,64.75,-0.3079,-0.20
0050,台灣50,20140623,64.80,65.00,64.60,64.70,-0.0772,-0.05
0050,台灣50,20140624,64.85,65.05,64.70,64.80,0.1546,0.10
0050,台灣50,20140625,64.65,64.80,64.60,64.65,-0.2315,-0.15
0050,台灣50,20140626,64.75,65.40,64.75,65.35,1.0828,0.70
0050,台灣50,20140627,65.35,65.35,64.50,65.35,0.0000,0.00
0050,台灣50,20140630,65.30,66.00,65.20,65.95,0.9181,0.60
0050,台灣50,20140701,65.95,66.75,65.85,66.55,0.9098,0.60
0050,台灣50,20140702,66.80,67.55,66.65,67.10,0.8264,0.55
0050,台灣50,20140703,67.10,67.80,66.90,67.70,0.8942,0.60
0050,台灣50,20140704,67.80,67.90,67.35,67.70,0.0000,0.00
0050,台灣50,20140707,67.50,67.70,67.30,67.60,-0.1477,-0.10
0050,台灣50,20140708,67.80,67.90,67.60,67.75,0.2219,0.15
0050,台灣50,20140709,67.65,67.85,67.50,67.85,0.1476,0.10
0050,台灣50,20140710,67.80,68.45,67.80,68.35,0.7369,0.50
0050,台灣50,20140711,68.35,68.70,68.15,68.30,-0.0732,-0.05
0050,台灣50,20140714,68.25,68.80,68.25,68.70,0.5857,0.40
0050,台灣50,20140715,68.95,69.05,68.75,68.95,0.3639,0.25
0050,台灣50,20140716,68.95,69.00,68.10,68.35,-0.8702,-0.60
0050,台灣50,20140717,67.95,68.00,67.30,67.50,-1.2436,-0.85
0050,台灣50,20140718,67.05,67.60,67.00,67.50,0.0000,0.00
0050,台灣50,20140721,67.75,67.95,67.50,67.50,0.0000,0.00
0050,台灣50,20140722,67.70,68.20,67.50,68.10,0.8889,0.60
0050,台灣50,20140724,68.30,68.40,68.10,68.40,0.4405,0.30
0050,台灣50,20140725,68.40,68.40,67.45,67.65,-1.0965,-0.75
0050,台灣50,20140728,67.45,67.80,67.30,67.50,-0.2217,-0.15
0050,台灣50,20140729,67.75,67.95,67.20,67.45,-0.0741,-0.05
0050,台灣50,20140730,67.45,67.95,67.45,67.85,0.5930,0.40
0050,台灣50,20140731,67.85,67.85,66.60,66.75,-1.6212,-1.10
0050,台灣50,20140801,65.95,66.30,65.90,66.25,-0.7491,-0.50
0050,台灣50,20140804,66.20,66.70,66.10,66.60,0.5283,0.35
0050,台灣50,20140805,66.40,66.40,65.10,65.25,-2.0270,-1.35
0050,台灣50,20140806,65.30,65.75,65.05,65.70,0.6897,0.45
0050,台灣50,20140807,65.75,65.90,65.40,65.70,0.0000,0.00
0050,台灣50,20140808,65.45,65.70,65.05,65.70,0.0000,0.00
0050,台灣50,20140811,66.00,66.15,65.75,66.05,0.5327,0.35
0050,台灣50,20140812,66.00,66.30,65.85,66.10,0.0757,0.05
0050,台灣50,20140813,66.15,66.75,66.05,66.75,0.9834,0.65
0050,台灣50,20140814,67.00,67.25,66.95,67.10,0.5243,0.35
0050,台灣50,20140815,67.10,67.25,66.75,67.10,0.0000,0.00
0050,台灣50,20140818,67.10,67.10,66.60,66.90,-0.2981,-0.20
0050,台灣50,20140819,67.30,67.75,67.00,67.75,1.2706,0.85
0050,台灣50,20140820,67.70,68.05,67.70,68.00,0.3690,0.25
0050,台灣50,20140821,68.00,68.10,67.80,67.90,-0.1471,-0.10
0050,台灣50,20140822,68.10,68.95,68.10,68.75,1.2518,0.85
0050,台灣50,20140825,68.75,68.90,68.60,68.65,-0.1455,-0.10
0050,台灣50,20140826,68.60,68.80,68.55,68.60,-0.0728,-0.05
0050,台灣50,20140827,68.95,69.40,68.95,69.25,0.9475,0.65
0050,台灣50,20140828,69.25,69.45,69.20,69.35,0.1444,0.10
0050,台灣50,20140829,69.05,69.30,68.85,69.20,-0.2163,-0.15
0050,台灣50,20140901,69.25,69.95,69.25,69.80,0.8671,0.60
0050,台灣50,20140902,69.70,69.70,68.60,68.75,-1.5043,-1.05
0050,台灣50,20140903,68.90,69.45,68.85,69.25,0.7273,0.50
0050,台灣50,20140904,69.00,69.15,68.80,69.00,-0.3610,-0.25
0050,台灣50,20140905,69.30,69.30,68.65,69.00,0.0000,0.00
0050,台灣50,20140909,69.40,69.50,69.25,69.25,0.3623,0.25
0050,台灣50,20140910,68.95,68.95,68.05,68.65,-0.8664,-0.60
0050,台灣50,20140911,68.70,68.70,68.40,68.40,-0.3642,-0.25
0050,台灣50,20140912,68.40,68.40,67.60,67.75,-0.9503,-0.65
0050,台灣50,20140915,67.15,67.75,67.15,67.75,0.0000,0.00
0050,台灣50,20140916,67.65,67.65,67.15,67.20,-0.8118,-0.55
0050,台灣50,20140917,67.50,68.20,67.45,67.70,0.7440,0.50
0050,台灣50,20140918,67.70,68.05,67.60,67.85,0.2216,0.15
0050,台灣50,20140919,68.20,68.25,67.85,68.00,0.2211,0.15
0050,台灣50,20140922,67.35,67.35,66.55,66.95,-1.5441,-1.05
0050,台灣50,20140923,66.90,67.00,66.65,66.80,-0.2240,-0.15
0050,台灣50,20140924,66.55,66.80,66.30,66.55,-0.3743,-0.25
0050,台灣50,20140925,66.70,66.85,65.70,65.95,-0.9016,-0.60
0050,台灣50,20140926,65.50,65.85,65.25,65.60,-0.5307,-0.35
0050,台灣50,20140929,65.65,65.70,65.20,65.40,-0.3049,-0.20
0050,台灣50,20140930,65.30,65.65,64.65,65.30,-0.1529,-0.10
0050,台灣50,20141001,65.05,65.65,64.85,65.50,0.3063,0.20
0050,台灣50,20141002,65.00,65.75,64.90,65.50,0.0000,0.00
0050,台灣50,20141003,65.80,66.70,65.60,66.70,1.8321,1.20
0050,台灣50,20141006,66.65,66.70,66.15,66.65,-0.0750,-0.05
0050,台灣50,20141007,66.25,66.25,65.70,66.10,-0.8252,-0.55
0050,台灣50,20141008,65.80,66.05,65.70,65.70,-0.6051,-0.40
0050,台灣50,20141009,66.10,66.45,65.70,66.00,0.4566,0.30
0050,台灣50,20141013,64.15,64.55,63.80,64.00,-3.0303,-2.00
0050,台灣50,20141014,64.00,64.60,64.00,64.55,0.8594,0.55
0050,台灣50,20141015,64.45,64.80,63.95,64.10,-0.6971,-0.45
0050,台灣50,20141016,63.65,64.35,63.25,64.00,-0.1560,-0.10
0050,台灣50,20141017,64.25,64.40,63.35,63.35,-1.0156,-0.65
0050,台灣50,20141020,64.25,64.60,63.90,64.60,1.9732,1.25
0050,台灣50,20141021,64.40,64.55,64.20,64.30,-0.4644,-0.30
0050,台灣50,20141022,65.10,65.45,65.00,65.30,1.5552,1.00
0050,台灣50,20141023,65.30,65.30,65.00,65.05,-0.3828,-0.25
0050,台灣50,20141024,63.85,63.85,62.80,63.05,-0.6918,-2.00
0050,台灣50,20141027,63.40,63.45,63.00,63.25,0.3172,0.20
0050,台灣50,20141028,64.00,64.35,64.00,64.35,1.7391,1.10
0050,台灣50,20141029,64.60,65.00,64.50,65.00,1.0101,0.65
0050,台灣50,20141030,64.85,64.95,64.55,64.80,-0.3077,-0.20
0050,台灣50,20141031,65.00,65.30,64.70,65.30,0.7716,0.50
0050,台灣50,20141103,65.30,65.90,65.30,65.60,0.4594,0.30
0050,台灣50,20141104,65.75,66.05,65.55,65.65,0.0762,0.05
0050,台灣50,20141105,65.80,65.85,65.35,65.50,-0.2285,-0.15
0050,台灣50,20141106,65.55,65.70,64.95,65.10,-0.6107,-0.40
0050,台灣50,20141107,65.00,65.25,64.70,65.20,0.1536,0.10
0050,台灣50,20141110,65.40,66.30,65.25,66.15,1.4571,0.95
0050,台灣50,20141111,66.25,66.35,65.95,65.95,-0.3023,-0.20
0050,台灣50,20141112,65.75,65.85,64.90,65.00,-1.4405,-0.95
0050,台灣50,20141113,65.00,65.65,65.00,65.65,1.0000,0.65
0050,台灣50,20141114,65.30,65.80,65.30,65.70,0.0762,0.05
0050,台灣50,20141117,66.05,66.10,64.80,65.10,-0.9132,-0.60
0050,台灣50,20141118,65.30,65.60,64.80,64.90,-0.3072,-0.20
0050,台灣50,20141119,65.15,66.10,65.15,65.85,1.4638,0.95
0050,台灣50,20141120,66.05,66.70,66.05,66.60,1.1390,0.75
0050,台灣50,20141121,66.60,66.80,66.45,66.65,0.0751,0.05
0050,台灣50,20141124,66.90,67.20,66.75,66.80,0.2251,0.15
0050,台灣50,20141125,66.65,67.05,66.45,66.85,0.0749,0.05
0050,台灣50,20141126,66.75,66.90,66.65,66.85,0.0000,0.00
0050,台灣50,20141127,67.15,67.85,67.15,67.50,0.9723,0.65
0050,台灣50,20141128,67.55,67.70,67.35,67.50,0.0000,0.00
0050,台灣50,20141201,66.30,67.45,66.15,66.80,-1.0370,-0.70
0050,台灣50,20141202,66.35,66.50,65.65,65.80,-1.4970,-1.00
0050,台灣50,20141203,65.80,67.00,65.70,66.85,1.5957,1.05
0050,台灣50,20141204,67.25,67.45,67.10,67.10,0.3740,0.25
0050,台灣50,20141205,67.10,67.10,66.75,66.85,-0.3726,-0.25
0050,台灣50,20141208,67.05,67.05,66.35,66.35,-0.7479,-0.50
0050,台灣50,20141209,66.25,66.30,66.00,66.20,-0.2261,-0.15
0050,台灣50,20141210,65.95,66.15,65.15,65.30,-1.3595,-0.90
0050,台灣50,20141211,65.05,65.35,64.70,65.25,-0.0766,-0.05
0050,台灣50,20141212,65.25,65.50,65.15,65.30,0.0766,0.05
0050,台灣50,20141215,64.75,65.10,64.50,65.10,-0.3063,-0.20
0050,台灣50,20141216,64.80,65.00,64.55,64.55,-0.8449,-0.55
0050,台灣50,20141217,64.55,64.55,63.40,63.55,-1.5492,-1.00
0050,台灣50,20141218,63.95,64.10,63.65,63.70,0.2360,0.15
0050,台灣50,20141219,64.70,65.30,64.60,65.20,2.3548,1.50
0050,台灣50,20141222,65.35,66.00,65.30,66.00,1.2270,0.80
0050,台灣50,20141223,66.15,66.30,65.75,65.80,-0.3030,-0.20
0050,台灣50,20141224,65.90,66.40,65.85,66.30,0.7599,0.50
0050,台灣50,20141225,66.35,66.40,66.15,66.30,0.0000,0.00
0050,台灣50,20141226,66.35,66.50,66.20,66.45,0.2262,0.15
0050,台灣50,20141227,66.75,66.75,66.45,66.60,0.2257,0.15
0050,台灣50,20141229,66.60,67.30,66.55,67.20,0.9009,0.60
0050,台灣50,20141230,67.15,67.45,66.85,66.85,-0.5208,-0.35
0050,台灣50,20141231,66.80,67.00,66.60,66.85,0.0000,0.00
0050,台灣50,20150105,66.40,66.75,66.00,66.55,-0.4488,-0.30
0050,台灣50,20150106,65.75,65.75,64.75,64.90,-2.4793,-1.65
0050,台灣50,20150107,64.70,65.25,64.70,65.00,0.1541,0.10
0050,台灣50,20150108,65.50,66.60,65.50,66.50,2.3077,1.50
0050,台灣50,20150109,66.90,66.95,66.05,66.15,-0.5263,-0.35
0050,台灣50,20150112,65.80,66.15,65.65,65.75,-0.6047,-0.40
0050,台灣50,20150113,65.60,66.40,65.40,65.95,0.3042,0.20
0050,台灣50,20150114,66.00,66.05,65.40,65.60,-0.5307,-0.35
0050,台灣50,20150115,65.65,65.95,65.35,65.80,0.3049,0.20
0050,台灣50,20150116,66.25,66.40,65.35,65.50,-0.4559,-0.30
0050,台灣50,20150119,66.30,66.75,66.05,66.25,1.1450,0.75
0050,台灣50,20150120,66.50,66.90,66.35,66.75,0.7547,0.50
0050,台灣50,20150121,67.20,67.30,67.00,67.25,0.7491,0.50
0050,台灣50,20150122,67.50,67.90,67.45,67.60,0.5204,0.35
0050,台灣50,20150123,68.25,68.70,68.25,68.70,1.6272,1.10
0050,台灣50,20150126,68.55,68.85,68.45,68.70,0.0000,0.00
0050,台灣50,20150127,69.00,69.25,68.80,69.15,0.6550,0.45
0050,台灣50,20150128,68.80,69.20,68.80,69.15,0.0000,0.00
0050,台灣50,20150129,69.05,69.05,68.15,68.30,-1.2292,-0.85
0050,台灣50,20150130,68.60,68.60,68.00,68.00,-0.4392,-0.30
0050,台灣50,20150202,68.20,68.35,67.90,68.15,0.2206,0.15
0050,台灣50,20150203,68.35,68.85,68.10,68.65,0.7337,0.50
0050,台灣50,20150204,69.20,69.50,69.05,69.40,1.0925,0.75
0050,台灣50,20150205,69.05,69.25,68.80,69.10,-0.4323,-0.30
0050,台灣50,20150206,69.10,69.20,68.65,68.75,-0.5065,-0.35
0050,台灣50,20150209,68.75,68.75,68.25,68.50,-0.3636,-0.25
0050,台灣50,20150210,68.45,68.50,68.20,68.25,-0.3650,-0.25
0050,台灣50,20150211,68.70,69.25,68.70,69.00,1.0989,0.75
0050,台灣50,20150212,69.00,69.20,68.80,69.00,0.0000,0.00
0050,台灣50,20150213,69.35,69.65,69.35,69.45,0.6522,0.45
0050,台灣50,20150224,69.95,70.45,69.95,70.25,1.1519,0.80
0050,台灣50,20150225,70.70,70.90,70.55,70.80,0.7829,0.55
0050,台灣50,20150226,70.55,70.65,70.05,70.30,-0.7062,-0.50
0050,台灣50,20150302,70.30,70.55,69.75,70.00,-0.4267,-0.30
0050,台灣50,20150303,70.05,70.10,69.50,69.90,-0.1429,-0.10
0050,台灣50,20150304,69.55,70.05,69.50,69.95,0.0715,0.05
0050,台灣50,20150305,69.95,70.00,69.35,69.70,-0.3574,-0.25
0050,台灣50,20150306,69.55,69.90,69.30,69.80,0.1435,0.10
0050,台灣50,20150309,69.45,69.50,68.90,69.10,-1.0029,-0.70
0050,台灣50,20150310,69.00,69.05,68.60,68.95,-0.2171,-0.15
0050,台灣50,20150311,68.35,69.15,68.30,69.05,0.1450,0.10
0050,台灣50,20150312,68.85,69.65,68.80,69.65,0.8689,0.60
0050,台灣50,20150313,69.65,69.75,69.45,69.45,-0.2872,-0.20
0050,台灣50,20150316,69.35,69.35,68.85,68.90,-0.7919,-0.55
0050,台灣50,20150317,69.20,69.75,69.00,69.15,0.3628,0.25
0050,台灣50,20150318,69.20,70.15,69.20,69.90,1.0846,0.75
0050,台灣50,20150319,70.50,70.90,70.25,70.65,1.0730,0.75
0050,台灣50,20150320,70.65,70.65,70.40,70.55,-0.1415,-0.10
0050,台灣50,20150323,70.55,70.90,70.45,70.75,0.2835,0.20
0050,台灣50,20150324,70.55,70.85,70.35,70.50,-0.3534,-0.25
0050,台灣50,20150325,70.50,70.60,70.10,70.25,-0.3546,-0.25
0050,台灣50,20150326,69.40,69.70,69.15,69.40,-1.2100,-0.85
0050,台灣50,20150327,69.40,69.40,68.65,68.75,-0.9366,-0.65
0050,台灣50,20150330,68.75,68.90,68.55,68.80,0.0727,0.05
0050,台灣50,20150331,69.00,69.25,68.80,69.05,0.3634,0.25
0050,台灣50,20150401,68.70,68.85,68.50,68.65,-0.5793,-0.40
0050,台灣50,20150402,68.90,69.75,68.90,69.50,1.2382,0.85
0050,台灣50,20150407,69.55,69.70,69.35,69.60,0.1439,0.10
0050,台灣50,20150408,69.60,69.60,68.85,69.00,-0.8621,-0.60
0050,台灣50,20150409,69.00,69.85,68.95,69.10,0.1449,0.10
0050,台灣50,20150410,69.70,69.80,69.45,69.65,0.7959,0.55
0050,台灣50,20150413,69.90,69.95,69.65,69.85,0.2872,0.20
0050,台灣50,20150414,69.85,69.85,69.50,69.50,-0.5011,-0.35
0050,台灣50,20150415,69.25,69.50,68.40,68.65,-1.2230,-0.85
0050,台灣50,20150416,68.95,69.70,68.90,69.70,1.5295,1.05
0050,台灣50,20150417,69.55,69.55,68.90,69.05,-0.9326,-0.65
0050,台灣50,20150420,68.70,69.15,68.55,68.95,-0.1448,-0.10
0050,台灣50,20150421,69.05,69.30,68.85,68.95,0.0000,0.00
0050,台灣50,20150422,69.30,69.80,69.25,69.65,1.0152,0.70
0050,台灣50,20150423,70.20,71.50,70.15,71.50,2.6561,1.85
0050,台灣50,20150424,71.70,72.85,71.70,72.20,0.9790,0.70
0050,台灣50,20150427,73.00,73.30,72.60,72.75,0.7618,0.55
0050,台灣50,20150428,72.85,73.10,72.35,72.60,-0.2062,-0.15
0050,台灣50,20150429,72.50,72.70,71.60,71.80,-1.1019,-0.80
0050,台灣50,20150430,71.60,71.80,71.15,71.45,-0.4875,-0.35
0050,台灣50,20150504,71.45,71.65,70.85,71.60,0.2099,0.15
0050,台灣50,20150505,71.40,71.40,70.90,71.20,-0.5587,-0.40
0050,台灣50,20150506,70.80,71.40,70.50,71.30,0.1404,0.10
0050,台灣50,20150507,70.80,70.80,70.15,70.45,-1.1921,-0.85
0050,台灣50,20150508,70.45,70.65,70.45,70.50,0.0710,0.05
0050,台灣50,20150511,71.00,71.20,70.30,70.85,0.4965,0.35
0050,台灣50,20150512,70.60,70.85,70.55,70.70,-0.2117,-0.15
0050,台灣50,20150513,70.70,71.20,70.70,71.10,0.5658,0.40
0050,台灣50,20150514,70.85,70.95,70.00,70.10,-1.4065,-1.00
0050,台灣50,20150515,70.30,70.35,69.70,70.00,-0.1427,-0.10
0050,台灣50,20150518,70.05,70.30,70.00,70.25,0.3571,0.25
0050,台灣50,20150519,70.40,71.45,70.40,71.30,1.4947,1.05
0050,台灣50,20150520,71.25,71.25,70.80,70.80,-0.7013,-0.50
